outcome,outcome_label,condition,tss,fit,lwr,upr
voted_early_2020,Voted early,control,30,0.29046615258547476,0.2860489198441869,0.2948833853267626
voted_early_2020,Voted early,control,31,0.29006774043915573,0.28581894770101074,0.2943165331773007
voted_early_2020,Voted early,control,32,0.28966932829283676,0.28558616373498985,0.29375249285068367
voted_early_2020,Voted early,control,33,0.2892709161465178,0.285350211577829,0.29319162071520655
voted_early_2020,Voted early,control,34,0.28887250400019876,0.2851106807378495,0.292634327262548
voted_early_2020,Voted early,control,35,0.2884740918538798,0.28486709828123474,0.29208108542652483
voted_early_2020,Voted early,control,36,0.2880756797075608,0.2846189197444177,0.2915324396707039
voted_early_2020,Voted early,control,37,0.2876772675612418,0.2843655195807621,0.29098901554172146
voted_early_2020,Voted early,control,38,0.2872788554149228,0.2841061817217472,0.29045152910809846
voted_early_2020,Voted early,control,39,0.28688044326860385,0.2838400912372986,0.2899207952999091
voted_early_2020,Voted early,control,40,0.2864820311222848,0.28356632863079306,0.2893977336137766
voted_early_2020,Voted early,control,41,0.28608361897596585,0.2832838689876176,0.2888833689643141
voted_early_2020,Voted early,control,42,0.2856852068296469,0.2829915889262767,0.28837882473301707
voted_early_2020,Voted early,control,43,0.2852867946833279,0.2826882848689935,0.2878853044976623
voted_early_2020,Voted early,control,44,0.2848883825370089,0.2823727061796918,0.28740405889432596
voted_early_2020,Voted early,control,45,0.2844899703906899,0.28204360569014514,0.2869363350912347
voted_early_2020,Voted early,control,46,0.28409155824437093,0.2816998075476815,0.2864833089410604
voted_early_2020,Voted early,control,47,0.2836931460980519,0.2813402880539079,0.2860460041421959
voted_early_2020,Voted early,control,48,0.28329473395173294,0.28096425996766716,0.2856252079357987
voted_early_2020,Voted early,control,49,0.28289632180541396,0.2805712464434832,0.28522139716734474
voted_early_2020,Voted early,control,50,0.28249790965909494,0.2801611297549013,0.28483468956328856
voted_early_2020,Voted early,control,51,0.28209949751277597,0.27973416378656213,0.2844648312389898
voted_early_2020,Voted early,control,52,0.281701085366457,0.2792909473235595,0.28411122340935446
voted_early_2020,Voted early,control,53,0.28130267322013797,0.27883236441980264,0.2837729820204733
voted_early_2020,Voted early,control,54,0.280904261073819,0.27835950486035915,0.28344901728727884
voted_early_2020,Voted early,control,55,0.2805058489275,0.2778735797093906,0.28313811814560946
voted_early_2020,Voted early,control,56,0.280107436781181,0.27737584443952273,0.28283902912283926
voted_early_2020,Voted early,control,57,0.279709024634862,0.2768675372357801,0.28255051203394393
voted_early_2020,Voted early,control,58,0.27931061248854305,0.27634983505837163,0.2822713899187145
voted_early_2020,Voted early,control,59,0.2789122003422241,0.2758238263725405,0.28200057431190767
voted_early_2020,Voted early,control,60,0.27851378819590505,0.2752904974867134,0.2817370789050967
voted_early_2020,Voted early,control,61,0.2781153760495861,0.2747507288691169,0.2814800232300553
voted_early_2020,Voted early,control,62,0.2777169639032671,0.2742052980968651,0.2812286297096691
voted_early_2020,Voted early,control,63,0.2773185517569481,0.2736548867536485,0.28098221676024765
voted_early_2020,Voted early,control,64,0.2769201396106291,0.2731000893216032,0.28074018989965505
voted_early_2020,Voted early,control,65,0.27652172746431014,0.27254142275251886,0.2805020321761014
voted_early_2020,Voted early,control,66,0.2761233153179911,0.2719793358995499,0.2802672947364323
voted_early_2020,Voted early,control,67,0.27572490317167214,0.27141421834487767,0.2800355879984666
voted_early_2020,Voted early,control,68,0.27532649102535317,0.2708464083960724,0.27980657365463396
voted_early_2020,Voted early,control,69,0.27492807887903414,0.2702762001738069,0.2795799575842614
voted_early_2020,Voted early,control,70,0.27452966673271517,0.26970384980240736,0.279355483663023
voted_early_2020,Voted early,treat,30,0.2953514440692779,0.29399948018238853,0.29670340795616723
voted_early_2020,Voted early,treat,31,0.29467471107743,0.29337242376135303,0.29597699839350694
voted_early_2020,Voted early,treat,32,0.2939979780855821,0.2927446604217637,0.29525129574940046
voted_early_2020,Voted early,treat,33,0.29332124509373425,0.2921161039858445,0.294526386201624
voted_early_2020,Voted early,treat,34,0.29264451210188636,0.2914866554509685,0.2938023687528042
voted_early_2020,Voted early,treat,35,0.2919677791100385,0.29085620096663795,0.2930793572534391
voted_early_2020,Voted early,treat,36,0.2912910461181906,0.2902246095638849,0.29235748267249634
voted_early_2020,Voted early,treat,37,0.2906143131263427,0.2895917306648779,0.29163689558780753
voted_early_2020,Voted early,treat,38,0.2899375801344949,0.2889573914448572,0.29091776882413256
voted_early_2020,Voted early,treat,39,0.289260847142647,0.2883213941875959,0.2902003000976981
voted_early_2020,Voted early,treat,40,0.2885841141507991,0.28768351387716096,0.28948471442443724
voted_early_2020,Voted early,treat,41,0.28790738115895126,0.28704349640873145,0.28877126590917107
voted_early_2020,Voted early,treat,42,0.2872306481671034,0.2864010579784501,0.2880602383557567
voted_early_2020,Voted early,treat,43,0.2865539151752555,0.28575588640934557,0.2873519439411655
voted_early_2020,Voted early,treat,44,0.28587718218340763,0.28510764534089006,0.2866467190259252
voted_early_2020,Voted early,treat,45,0.2852004491915598,0.28445598226588314,0.28594491611723644
voted_early_2020,Voted early,treat,46,0.28452371619971195,0.2838005412101532,0.2852468911892707
voted_early_2020,Voted early,treat,47,0.283846983207864,0.28314098027707507,0.28455298613865293
voted_early_2020,Voted early,treat,48,0.28317025021601616,0.28247699324944164,0.2838635071825907
voted_early_2020,Voted early,treat,49,0.2824935172241683,0.28180833307681236,0.2831787013715243
voted_early_2020,Voted early,treat,50,0.28181678423232037,0.28113483377918314,0.2824987346854576
voted_early_2020,Voted early,treat,51,0.28114005124047253,0.28045642668273446,0.2818236757982106
voted_early_2020,Voted early,treat,52,0.2804633182486247,0.27977314750017657,0.2811534889970728
voted_early_2020,Voted early,treat,53,0.2797865852567768,0.27908513262206325,0.28048803789149035
voted_early_2020,Voted early,treat,54,0.2791098522649289,0.2783926054830316,0.27982709904682623
voted_early_2020,Voted early,treat,55,0.27843311927308106,0.2776958560200975,0.27917038252606463
voted_early_2020,Voted early,treat,56,0.27775638628123317,0.2769952172639183,0.27851755529854805
voted_early_2020,Voted early,treat,57,0.27707965328938533,0.2762910428327576,0.27786826374601303
voted_early_2020,Voted early,treat,58,0.27640292029753744,0.2755836879481106,0.27722215264696426
voted_early_2020,Voted early,treat,59,0.2757261873056896,0.2748734951906478,0.2765788794207314
voted_early_2020,Voted early,treat,60,0.2750494543138417,0.2741607850534169,0.2759381235742665
voted_early_2020,Voted early,treat,61,0.2743727213219938,0.27344585063173776,0.27529959201224985
voted_early_2020,Voted early,treat,62,0.27369598833014597,0.2727289554924668,0.27466302116782515
voted_early_2020,Voted early,treat,63,0.2730192553382981,0.27201033375933054,0.2740281769172656
voted_early_2020,Voted early,treat,64,0.27234252234645023,0.2712901915968638,0.27339485309603667
voted_early_2020,Voted early,treat,65,0.27166578935460234,0.2705687094709083,0.2727628692382964
voted_early_2020,Voted early,treat,66,0.27098905636275444,0.26984604475014956,0.2721320679753593
voted_early_2020,Voted early,treat,67,0.2703123233709066,0.269122334365682,0.2715023123761312
voted_early_2020,Voted early,treat,68,0.26963559037905876,0.26839769735895425,0.2708734833991633
voted_early_2020,Voted early,treat,69,0.2689588573872108,0.26767223722704153,0.2702454775473801
voted_early_2020,Voted early,treat,70,0.268282124395363,0.26694604402556976,0.2696182047651562
voted_in_2020,Voted,control,30,0.5263139641841078,0.5214308207821489,0.5311971075860668
voted_in_2020,Voted,control,31,0.527291355583479,0.5225948871126742,0.5319878240542837
voted_in_2020,Voted,control,32,0.5282687469828501,0.523755803488311,0.5327816904773892
voted_in_2020,Voted,control,33,0.5292461383822212,0.5249131696370054,0.5335791071274371
voted_in_2020,Voted,control,34,0.5302235297815924,0.5260665244191224,0.5343805351440624
voted_in_2020,Voted,control,35,0.5312009211809635,0.5272153364942879,0.5351865058676392
voted_in_2020,Voted,control,36,0.5321783125803347,0.5283589941489655,0.5359976310117038
voted_in_2020,Voted,control,37,0.5331557039797058,0.5294967946421842,0.5368146133172274
voted_in_2020,Voted,control,38,0.5341330953790769,0.530627933745902,0.5376382570122519
voted_in_2020,Voted,control,39,0.5351104867784481,0.5317514966201365,0.5384694769367596
voted_in_2020,Voted,control,40,0.5360878781778192,0.5328664517907884,0.53930930456485
voted_in_2020,Voted,control,41,0.5370652695771904,0.533971650769878,0.5401588883845028
voted_in_2020,Voted,control,42,0.5380426609765615,0.5350658366691278,0.5410194852839952
voted_in_2020,Voted,control,43,0.5390200523759326,0.5361476657612562,0.5418924389906091
voted_in_2020,Voted,control,44,0.5399974437753038,0.5372157459043103,0.5427791416462973
voted_in_2020,Voted,control,45,0.5409748351746749,0.5382686944722576,0.5436809758770923
voted_in_2020,Voted,control,46,0.5419522265740461,0.5393052153856407,0.5445992377624514
voted_in_2020,Voted,control,47,0.5429296179734172,0.5403241899401989,0.5455350460066355
voted_in_2020,Voted,control,48,0.5439070093727884,0.5413247703219859,0.5464892484235908
voted_in_2020,Voted,control,49,0.5448844007721595,0.5423064601077585,0.5474623414365605
voted_in_2020,Voted,control,50,0.5458617921715306,0.5432691653381186,0.5484544190049426
voted_in_2020,Voted,control,51,0.5468391835709018,0.5442132045153958,0.5494651626264078
voted_in_2020,Voted,control,52,0.5478165749702729,0.5451392751407697,0.5504938747997762
voted_in_2020,Voted,control,53,0.5487939663696441,0.5460483846410057,0.5515395480982824
voted_in_2020,Voted,control,54,0.5497713577690152,0.546941760632552,0.5526009549054784
voted_in_2020,Voted,control,55,0.5507487491683863,0.5478207571678505,0.5536767411689222
voted_in_2020,Voted,control,56,0.5517261405677575,0.5486867704635754,0.5547655106719396
voted_in_2020,Voted,control,57,0.5527035319671287,0.5495411720287816,0.5558658919054759
voted_in_2020,Voted,control,58,0.5536809233664999,0.5503852616114645,0.5569765851215353
voted_in_2020,Voted,control,59,0.554658314765871,0.5512202384575242,0.5580963910742178
voted_in_2020,Voted,control,60,0.5556357061652422,0.552047187351734,0.5592242249787504
voted_in_2020,Voted,control,61,0.5566130975646133,0.5528670753913926,0.560359119737834
voted_in_2020,Voted,control,62,0.5575904889639844,0.5536807558216724,0.5615002221062965
voted_in_2020,Voted,control,63,0.5585678803633556,0.5544889760202263,0.5626467847064849
voted_in_2020,Voted,control,64,0.5595452717627267,0.5552923875283304,0.563798155997123
voted_in_2020,Voted,control,65,0.5605226631620979,0.5560915567250521,0.5649537695991437
voted_in_2020,Voted,control,66,0.561500054561469,0.556886975277937,0.5661131338450011
voted_in_2020,Voted,control,67,0.56247744596084015,0.5576790698844628,0.5672758220372175
voted_in_2020,Voted,control,68,0.5634548373602113,0.5584682110719257,0.5684414636484969
voted_in_2020,Voted,control,69,0.5644322287595824,0.5592547209824599,0.569609736536705
voted_in_2020,Voted,control,70,0.5654096201589536,0.5600388801634053,0.5707803601545018
voted_in_2020,Voted,treat,30,0.5297111515131221,0.5282293872353274,0.5311929157909168
voted_in_2020,Voted,treat,31,0.5305072457945957,0.5290800651712502,0.5319344264179413
voted_in_2020,Voted,treat,32,0.5313033400760695,0.529929950820489,0.53267672933165
voted_in_2020,Voted,treat,33,0.5320994343575433,0.5307789473557061,0.5334199213593804
voted_in_2020,Voted,treat,34,0.5328955286390169,0.5316269435391185,0.5341641137389153
voted_in_2020,Voted,treat,35,0.5336916229204907,0.5324738114620401,0.5349094343789412
voted_in_2020,Voted,treat,36,0.5344877172019644,0.5333194040162266,0.5356560303877023
voted_in_2020,Voted,treat,37,0.5352838114834382,0.534163552133738,0.5364040708331383
voted_in_2020,Voted,treat,38,0.5360799057649118,0.5350060618841738,0.5371537496456499
voted_in_2020,Voted,treat,39,0.5368760000463856,0.5358467115985769,0.5379052884941943
voted_in_2020,Voted,treat,40,0.5376720943278593,0.5366852493064033,0.5386589393493154
voted_in_2020,Voted,treat,41,0.538468188609333,0.5375213909314002,0.5394149862872658
voted_in_2020,Voted,treat,42,0.5392642828908067,0.5383548198907395,0.540173745890874
voted_in_2020,Voted,treat,43,0.5400603771722805,0.5391851889565064,0.5409355653880547
voted_in_2020,Voted,treat,44,0.5408564714537542,0.5400121254129897,0.5417008174945186
voted_in_2020,Voted,treat,45,0.5416525657352279,0.5408352405740677,0.5424698908963881
voted_in_2020,Voted,treat,46,0.5424486600167017,0.541654144465839,0.5432431755675643
voted_in_2020,Voted,treat,47,0.5432447542981753,0.5424684657815491,0.5440210428148016
voted_in_2020,Voted,treat,48,0.5440408485796491,0.5432778760241039,0.5448038211351942
voted_in_2020,Voted,treat,49,0.5448369428611228,0.5440821152390987,0.545591770483147
voted_in_2020,Voted,treat,50,0.5456330371425966,0.5448810153899775,0.5463850588952157
voted_in_2020,Voted,treat,51,0.5464291314240702,0.5456745169179547,0.5471837459301858
voted_in_2020,Voted,treat,52,0.547225225705544,0.54646267488871,0.547987776522378
voted_in_2020,Voted,treat,53,0.5480213199870178,0.5472456533043155,0.54879698666972
voted_in_2020,Voted,treat,54,0.5488174142684914,0.548023708897437,0.5496111196395458
voted_in_2020,Voted,treat,55,0.5496135085499652,0.5487971679418775,0.5504298491580528
voted_in_2020,Voted,treat,56,0.5504096028314389,0.5495664005308185,0.5512528051320593
voted_in_2020,Voted,treat,57,0.5512056971129126,0.5503317963118395,0.5520795979139856
voted_in_2020,Voted,treat,58,0.5520017913943863,0.5510937443364388,0.5529098384523339
voted_in_2020,Voted,treat,59,0.5527978856758601,0.5518526181646422,0.553743153187078
voted_in_2020,Voted,treat,60,0.5535939799573337,0.55260876615563,0.5545791937590374
voted_in_2020,Voted,treat,61,0.5543900742388075,0.5533625061576777,0.5554176423199373
voted_in_2020,Voted,treat,62,0.5551861685202812,0.55411412353678835,0.5562582135037741
voted_in_2020,Voted,treat,63,0.5559822628017549,0.5548638715057882,0.5571006540977216
voted_in_2020,Voted,treat,64,0.5567783570832286,0.5556119728866015,0.5579447412798558
voted_in_2020,Voted,treat,65,0.5575744513647024,0.5563586226529277,0.5587902800764771
voted_in_2020,Voted,treat,66,0.5583705456461762,0.5571039908003066,0.5596371004920457
voted_in_2020,Voted,treat,67,0.5591666399276498,0.557848225251684,0.5604850546036156
voted_in_2020,Voted,treat,68,0.5599627342091236,0.5585914546253061,0.561334013792941
voted_in_2020,Voted,treat,69,0.5607588284905973,0.5593337907734919,0.5621838662077028
voted_in_2020,Voted,treat,70,0.561554922772071,0.5600753310539481,0.5630345144901938
voted_in_person_2020,Voted in person,control,30,0.2358478115950236,0.23139619955586752,0.2402994236341797
voted_in_person_2020,Voted in person,control,31,0.23722361514071466,0.23294384988368338,0.24150338039774594
voted_in_person_2020,Voted in person,control,32,0.2385994186864057,0.23448851355667824,0.24271032381613314
voted_in_person_2020,Voted in person,control,33,0.23997522223209672,0.2360298070780043,0.24392063738618913
voted_in_person_2020,Voted in person,control,34,0.24135102577778775,0.23756728821912176,0.24513476333645373
voted_in_person_2020,Voted in person,control,35,0.24272682932347878,0.23910044703395492,0.24635321161300264
voted_in_person_2020,Voted in person,control,36,0.24410263286916983,0.2406286961212022,0.24757656961713748
voted_in_person_2020,Voted in person,control,37,0.24547843641486086,0.2421513605260085,0.24880551230371323
voted_in_person_2020,Voted in person,control,38,0.2468542399605519,0.24366766800409453,0.2500408119170093
voted_in_person_2020,Voted in person,control,39,0.24823004350624292,0.24517674084856658,0.25128334616391923
voted_in_person_2020,Voted in person,control,40,0.24960584705193395,0.2466775911158414,0.2525341029880265
voted_in_person_2020,Voted in person,control,41,0.250981650597625,0.2481691218497996,0.2537941793454504
voted_in_person_2020,Voted in person,control,42,0.252357454143316,0.24965013766576444,0.2550647706208676
voted_in_person_2020,Voted in person,control,43,0.25373325768900706,0.2511193685398473,0.25634714683816684
voted_in_person_2020,Voted in person,control,44,0.2551090612346981,0.2525755103903764,0.25764261207901984
voted_in_person_2020,Voted in person,control,45,0.2564848647803891,0.254017284447426,0.25895244511335225
voted_in_person_2020,Voted in person,control,46,0.2578606683260802,0.2554435140197347,0.26027782263242566
voted_in_person_2020,Voted in person,control,47,0.2592364718717712,0.2568532122124101,0.26161973153113227
voted_in_person_2020,Voted in person,control,48,0.26061227541746224,0.25824566862938225,0.2629788822055422
voted_in_person_2020,Voted in person,control,49,0.2619880789631533,0.25962051941859493,0.26435563850771165
voted_in_person_2020,Voted in person,control,50,0.2633638825088443,0.2609777856694709,0.2657499793482177
voted_in_person_2020,Voted in person,control,51,0.26473968605453535,0.2623178711402817,0.267161500968789
voted_in_person_2020,Voted in person,control,52,0.26611548960022635,0.2636415198645324,0.2685894593359203
voted_in_person_2020,Voted in person,control,53,0.2674912931459174,0.26494974353012135,0.27003284276171347
voted_in_person_2020,Voted in person,control,54,0.26886709669160846,0.26624373395112216,0.27149045943209477
voted_in_person_2020,Voted in person,control,55,0.27024290023729947,0.2675247760479024,0.2729610244266965
voted_in_person_2020,Voted in person,control,56,0.2716187037829905,0.26879417274722656,0.2744432348187545
voted_in_person_2020,Voted in person,control,57,0.2729945073286816,0.2700531876491504,0.2759358270082128
voted_in_person_2020,Voted in person,control,58,0.2743703108743726,0.271303006395747,0.27743761535299816
voted_in_person_2020,Voted in person,control,59,0.27574611442006364,0.2725447144928146,0.2789475143473127
voted_in_person_2020,Voted in person,control,60,0.27712191796575464,0.27377928791653006,0.2804645480149792
voted_in_person_2020,Voted in person,control,61,0.2784977215114457,0.2750075926857484,0.28198785033714296
voted_in_person_2020,Voted in person,control,62,0.27987352505713675,0.2762303901136929,0.2835166600005806
voted_in_person_2020,Voted in person,control,63,0.28124932860282775,0.2774483452255271,0.2850503119801284
voted_in_person_2020,Voted in person,control,64,0.2826251321485188,0.27866203658127786,0.28658822771575976
voted_in_person_2020,Voted in person,control,65,0.2840009356942098,0.2798719663630269,0.2881299050253927
voted_in_person_2020,Voted in person,control,66,0.28537673923990087,0.2810785700456034,0.28967490843419835
voted_in_person_2020,Voted in person,control,67,0.2867525427855919,0.2822822252879233,0.29122286028326055
voted_in_person_2020,Voted in person,control,68,0.2881283463312829,0.2834832598886738,0.29277343277389206
voted_in_person_2020,Voted in person,control,69,0.289504149876974,0.28468195877635843,0.29432634097758953
voted_in_person_2020,Voted in person,control,70,0.290879953422665,0.2858785700755704,0.2958813367697596
voted_in_person_2020,Voted in person,treat,30,0.23435970744035364,0.2330800061538964,0.23563940872681088
voted_in_person_2020,Voted in person,treat,31,0.2358325347136751,0.23460071228364726,0.23706435714370294
voted_in_person_2020,Voted in person,treat,32,0.23730536198699653,0.23612067592789499,0.23849004804609808
voted_in_person_2020,Voted in person,treat,33,0.23877818926031796,0.23763980485200498,0.23991657366863095
voted_in_person_2020,Voted in person,treat,34,0.2402510165336394,0.2391579929719074,0.2413440400953714
voted_in_person_2020,Voted in person,treat,35,0.24172384380696083,0.24067511820182713,0.24277256941209452
voted_in_person_2020,Voted in person,treat,36,0.24319667108028228,0.24219104007132553,0.24420230208923904
voted_in_person_2020,Voted in person,treat,37,0.2446694983536037,0.24370559716549445,0.24563339954171293
voted_in_person_2020,Voted in person,treat,38,0.24614232562692512,0.2452186045014484,0.24706604675240185
voted_in_person_2020,Voted in person,treat,39,0.24761515290024655,0.24672985104335468,0.24850045475713842
voted_in_person_2020,Voted in person,treat,40,0.24908798017356798,0.24823909768409666,0.2499368626630393
voted_in_person_2020,Voted in person,treat,41,0.2505608074468894,0.24974607618629088,0.25137553870748797
voted_in_person_2020,Voted in person,treat,42,0.25203363472021084,0.25125048976810266,0.252816779672319
voted_in_person_2020,Voted in person,treat,43,0.2535064619935323,0.25275201620490384,0.2542609077821607
voted_in_person_2020,Voted in person,treat,44,0.25497928926685376,0.2542503144230515,0.255708264110656
voted_in_person_2020,Voted in person,treat,45,0.25645211654017513,0.25574503546931804,0.25715919761103223
voted_in_person_2020,Voted in person,treat,46,0.2579249438134966,0.2572358383051868,0.2586140493218064
voted_in_person_2020,Voted in person,treat,47,0.259397771086818,0.25872240999425195,0.26007313217938405
voted_in_person_2020,Voted in person,treat,48,0.2608705983601394,0.2602044885703361,0.26153670814994273
voted_in_person_2020,Voted in person,treat,49,0.2623434256334609,0.26168188550486543,0.2630049657620564
voted_in_person_2020,Voted in person,treat,50,0.2638162529067823,0.2631545038045063,0.2644780020090583
voted_in_person_2020,Voted in person,treat,51,0.2652890801801038,0.26462234796254214,0.2659558123976654
voted_in_person_2020,Voted in person,treat,52,0.26676190745342515,0.2660855234881681,0.2674382914186822
voted_in_person_2020,Voted in person,treat,53,0.2682347347267466,0.2675442261243891,0.26892524332910406
voted_in_person_2020,Voted in person,treat,54,0.26970756200006807,0.2689987232071447,0.27041640079299145
voted_in_person_2020,Voted in person,treat,55,0.27118038927338944,0.27044933101187596,0.27191144753490293
voted_in_person_2020,Voted in person,treat,56,0.27265321654671093,0.27189639201483334,0.2734100410785885
voted_in_person_2020,Voted in person,treat,57,0.27412604382003236,0.273340255040953,0.2749118325991117
voted_in_person_2020,Voted in person,treat,58,0.2755988710933538,0.2747812598889584,0.2764164822977492
voted_in_person_2020,Voted in person,treat,59,0.2770716983666752,0.2762197267704765,0.27792366996287393
voted_in_person_2020,Voted in person,treat,60,0.2785445256399966,0.2776559500591615,0.2794331012208317
voted_in_person_2020,Voted in person,treat,61,0.2800173529133181,0.2790901954466846,0.28094451037995155
voted_in_person_2020,Voted in person,treat,62,0.2814901801866395,0.28052269953258874,0.2824576608406903
voted_in_person_2020,Voted in person,treat,63,0.28296300745996095,0.28195367099131363,0.28397234392860826
voted_in_person_2020,Voted in person,treat,64,0.2844358347332824,0.28338329264819934,0.2854883768183654
voted_in_person_2020,Voted in person,treat,65,0.2859086620066038,0.28481172398750193,0.2870056000257057
voted_in_person_2020,Voted in person,treat,66,0.28738148927992524,0.28623910377687384,0.28852387478297664
voted_in_person_2020,Voted in person,treat,67,0.28885431655324667,0.2876655526152155,0.29004308049127786
voted_in_person_2020,Voted in person,treat,68,0.2903271438265681,0.2890911752969949,0.2915631123561413
voted_in_person_2020,Voted in person,treat,69,0.29179997109988953,0.29051606294321397,0.2930838792565651
voted_in_person_2020,Voted in person,treat,70,0.29327279837321096,0.2919402948848811,0.2946053018615408
