covariate,covariate_value,estimator,estimate,std.error,df,statistic,p.value,conf.low,conf.high,entry
ATE,ATE,Unadjusted,-2.748022450678505e-4,0.001376641983786052,1999280,-0.19961780063694345,0.8417795253775939,-0.0029729725863673925,0.002423368096231692,-0.000 (0.001)
ATE,ATE,PAP adjustment set,-6.372692371364134e-4,0.0012144335131732246,1999277,-0.5247460896161175,0.599759770883685,-0.003017516625579005,0.001742978151306178,-0.001 (0.001)
ATE,ATE,Full adjustment set,-5.258374522103668e-4,0.001204937506210574,1999248,-0.43640226111317665,0.6625449458495436,-0.0028874729977623284,0.001835798093341595,-0.001 (0.001)
Age,18-39,Unadjusted,-4.180185433491805e-4,0.001375849338000791,1379015,-0.30382581275693443,0.7612606458882119,-0.0031146360608115,0.0022785989741131393,-0.000 (0.001)
Age,18-39,PAP adjustment set,-8.494948533926178e-4,0.0012449728856960636,1379012,-0.682340043829682,0.4950240725313215,-0.0032895990127755834,0.0015906093059903476,-0.001 (0.001)
Age,18-39,Full adjustment set,-6.093017185184865e-4,0.0012356407449047443,1378983,-0.49310588132593314,0.6219378539631739,-0.0030311152020427077,0.0018125117650057347,-0.001 (0.001)
Age,40+,Unadjusted,4.76546409501058e-4,0.0031740062072420356,620263,0.15014035209311696,0.8806539332447887,-0.005744403582795699,0.0066974964017978145,0.000 (0.003)
Age,40+,PAP adjustment set,-4.463076488752346e-4,0.002751172810453364,620260,-0.16222450555611875,0.8711291155953151,-0.005838517794875534,0.0049459024971250645,-0.000 (0.003)
Age,40+,Full adjustment set,-1.606105487440744e-4,0.0027372611193867287,620243,-0.05867564026191936,0.953210481058225,-0.005525554228369352,0.005204333130881203,-0.000 (0.003)
Gender,Female,Unadjusted,-0.0014538443939776486,0.00177024416193976,978039,-0.8212677241000396,0.41149398812866966,-0.004923463489022427,0.0020157747010671303,-0.001 (0.002)
Gender,Female,PAP adjustment set,-0.0012863040809469371,0.0015842351646434064,978036,-0.8119401144819746,0.4168261926266451,-0.004391351789329712,0.0018187436274358373,-0.001 (0.002)
Gender,Female,Full adjustment set,-0.0012186931169276974,0.0015722309276688035,978016,-0.7751362064443627,0.438259366482767,-0.0043002129241394875,0.0018628266902840926,-0.001 (0.002)
Gender,Other,Unadjusted,8.543646820774239e-4,0.002091718259258516,1021239,0.408451127820763,0.6829425893951296,-0.0032453326308040965,0.004954061994958944,0.001 (0.002)
Gender,Other,PAP adjustment set,-9.566156181787197e-6,0.001828333123490998,1021236,-0.005232173534941866,0.9958253495863086,-0.003593037477081144,0.00357390516471757,-0.000 (0.002)
Gender,Other,Full adjustment set,4.553171473208617e-5,0.0018152249649173505,1021216,0.02508323519788044,0.97998857725088,-0.003512248057092346,0.0036033114865565183,0.000 (0.002)
Race,Black,Unadjusted,-5.853867107248164e-4,0.00268087034650823,233544,-0.2183569643669149,0.8271511847159918,-0.0058398232687332085,0.004669049847283576,-0.001 (0.003)
Race,Black,PAP adjustment set,-0.0012600384756351513,0.0024580160851958833,233541,-0.5126241781834137,0.6082147217962496,-0.006077686444291257,0.003557609493020954,-0.001 (0.002)
Race,Black,Full adjustment set,-8.34290785258297e-4,0.0024366127358609714,233524,-0.34239777744718314,0.7320518690262925,-0.005609988744458434,0.003941407173941839,-0.001 (0.002)
Race,Latinx,Unadjusted,-0.0029389323346822103,0.0035923514733118534,179034,-0.8181082381598802,0.4132964740472025,-0.009979859442575413,0.004101994773210993,-0.003 (0.004)
Race,Latinx,PAP adjustment set,-0.002208212179321124,0.0032246369521457237,179031,-0.6847940441331684,0.4934747807294061,-0.008528427197457257,0.004112002838815008,-0.002 (0.003)
Race,Latinx,Full adjustment set,-0.0021017714042602387,0.003210411130887439,179014,-0.6546735974215414,0.5126787689265494,-0.008394104140617309,0.004190561332096832,-0.002 (0.003)
Race,Other,Unadjusted,-0.003350733887094448,0.009076426557654265,55569,-0.36916884258472094,0.7120032847401956,-0.02114059053436723,0.014439122760178332,-0.003 (0.009)
Race,Other,PAP adjustment set,-0.006779947689245548,0.008253652602103456,55566,-0.8214481534536199,0.4113945690195968,-0.022957161909819876,0.009397266531328781,-0.007 (0.008)
Race,Other,Full adjustment set,-0.006565192715724367,0.00824083490485808,55549,-0.7966659678929012,0.42564845866801726,-0.0227172842717729,0.009586898840324168,-0.007 (0.008)
Race,White,Unadjusted,1.3999496612037614e-4,0.0016509566909426157,1531127,0.08479626805985192,0.9324233715991924,-0.003095823246095459,0.003375813178336211,0.000 (0.002)
Race,White,PAP adjustment set,-1.6889328658219486e-4,0.001462410297914996,1531124,-0.11548967264726684,0.9080570208834498,-0.0030351670669264046,0.002697380493762015,-0.000 (0.001)
Race,White,Full adjustment set,-1.0016996881617192e-4,0.0014504231075408872,1531107,-0.06906258476949158,0.9449398119358551,-0.002942949269203697,0.002742609331571353,-0.000 (0.001)
Margin,Vote margin less than 3pp,Unadjusted,-1.2659375732580245e-4,0.0017284306265083844,1337055,-0.07324202394025812,0.9416135368552236,-0.0035142586017308094,0.003261071087079205,-0.000 (0.002)
Margin,Vote margin less than 3pp,PAP adjustment set,-8.261924963155911e-4,0.0015216436763016165,1337052,-0.5429605558665793,0.5871570511729762,-0.0038085619989562244,0.0021561770063250425,-0.001 (0.002)
Margin,Vote margin less than 3pp,Full adjustment set,-7.356209710659772e-4,0.0015063968833541538,1337023,-0.4883314478373311,0.625315169964519,-0.003688107281656093,0.002216865339524138,-0.001 (0.002)
Margin,Vote margin more than 3pp,Unadjusted,-6.933098702627461e-4,0.002238063048381512,662223,-0.3097812060138892,0.7567274419508719,-0.005079840857613547,0.0036932211170880554,-0.001 (0.002)
Margin,Vote margin more than 3pp,PAP adjustment set,-1.9188763880227902e-4,0.0019994509238635367,662220,-0.0959701668653586,0.9235442956013479,-0.0041107466010776444,0.0037269713234730864,-0.000 (0.002)
Margin,Vote margin more than 3pp,Full adjustment set,-3.847747042150733e-5,0.0019921473464082355,662191,-0.019314570526563067,0.9845901663170042,-0.00394302165807506,0.003866066717232046,-0.000 (0.002)
Partisanship,Democrat,Unadjusted,0.005214663095842267,0.005551793379175639,182943,0.9392754268201114,0.34759059178326734,-0.005666723969020469,0.016096050160705002,0.005 (0.006)
Partisanship,Democrat,PAP adjustment set,0.0077328788359217965,0.004879099183165514,182940,1.5848988810481155,0.11299103928329526,-0.0018300431101256785,0.01729580078196927,0.008 (0.005)
Partisanship,Democrat,Full adjustment set,0.0068004580703526635,0.004803989053348304,182914,1.4155856715811732,0.15689855148452722,-0.0026152497612383554,0.016216165901943684,0.007 (0.005)
Partisanship,Other,Unadjusted,-4.578078832036803e-5,0.003484711998782548,302389,-0.013137610320842135,0.989518013753474,-0.006875718140442188,0.006784156563801452,-0.000 (0.003)
Partisanship,Other,PAP adjustment set,-5.911225829221781e-5,0.0030877516657656563,302386,-0.019144110242933023,0.984726155613768,-0.006111018540445406,0.0059927940238609706,-0.000 (0.003)
Partisanship,Other,Full adjustment set,1.1544025277779343e-4,0.0031005093366831262,302360,0.03723267381006809,0.9702995113129259,-0.0059614707070784565,0.006192351212634043,0.000 (0.003)
Partisanship,Republican,Unadjusted,-0.0089955115656774,0.005202885101050028,71873,-1.7289468037381717,0.083822910459755,-0.019193150710947505,0.0012021275795927044,-0.009 (0.005)
Partisanship,Republican,PAP adjustment set,-0.009848866727905064,0.004917216205008622,71870,-2.0029354653702467,0.04518796422737602,-0.019486595703138786,-2.1113775267134031e-4,-0.010 (0.005)
Partisanship,Republican,Full adjustment set,-0.010379621752905032,0.004888426802135189,71844,-2.123305139471736,0.033731698644606324,-0.019960923643475563,-7.983198623344994e-4,-0.010 (0.005)
Partisanship,Unknown,Unadjusted,-4.3762376912288294e-4,0.0015864181082079004,1442069,-0.27585651402910755,0.7826583146672605,-0.0035469487353669785,0.002671701197121213,-0.000 (0.002)
Partisanship,Unknown,PAP adjustment set,-0.001261388321569309,0.0013995289161300164,1442066,-0.9012949336247411,0.36743167734635496,-0.004004416894804002,0.0014816402516653836,-0.001 (0.001)
Partisanship,Unknown,Full adjustment set,-0.0010873548115781743,0.001388516914691842,1442040,-0.783105196683538,0.43356546837199983,-0.0038088002405222135,0.0016340906173658652,-0.001 (0.001)
Trump support,30 to 40,Unadjusted,0.0032461223267853086,0.0025485847317509333,522916,1.2736960581864398,0.20277172010752953,-0.001749023520982192,0.00824126817455281,0.003 (0.003)
Trump support,30 to 40,PAP adjustment set,0.0036308083588716044,0.00225124130634715,522913,1.6128028339898095,0.10678795368106851,-7.815537351860769e-4,0.008043170452929287,0.004 (0.002)
Trump support,30 to 40,Full adjustment set,0.0038468233883901066,0.0022318358461097007,522884,1.7236139454859463,0.08477815044875782,-5.275046150243975e-4,0.00822115139180461,0.004 (0.002)
Trump support,40 to 50,Unadjusted,-0.0016395767178814832,0.00272721452332004,485369,-0.6011909601762846,0.5477130854992542,-0.0069848322911669185,0.0037056788554039525,-0.002 (0.003)
Trump support,40 to 50,PAP adjustment set,-0.002136109693032472,0.002412665206080241,485366,-0.8853734399821359,0.3759556910834104,-0.0068648583958559675,0.0025926390097910233,-0.002 (0.002)
Trump support,40 to 50,Full adjustment set,-0.001958726339316125,0.002393271618053008,485337,-0.8184304382925005,0.41311184898367115,-0.006649464213985995,0.002732011535353744,-0.002 (0.002)
Trump support,50 to 60,Unadjusted,0.0018226137466612914,0.002848340577329308,478331,0.6398861713265449,0.5222469113675321,-0.0037600453269207336,0.007405272820243317,0.002 (0.003)
Trump support,50 to 60,PAP adjustment set,-7.42635155667645e-4,0.0025107111252074088,478328,-0.2957867785790355,0.7673930490185801,-0.005663550988579443,0.0041782806772441535,-0.001 (0.003)
Trump support,50 to 60,Full adjustment set,-2.459947547009307e-4,0.002497452196310102,478299,-0.09849828359653061,0.9215366761008041,-0.005140923499493505,0.004648933990091644,-0.000 (0.002)
Trump support,60 to 70,Unadjusted,-0.004186607217758375,0.0028797516846198155,512658,-1.453808409981394,0.14600004335460148,-0.009830830129812156,0.0014576156942954074,-0.004 (0.003)
Trump support,60 to 70,PAP adjustment set,-0.0034852553357895767,0.00253805501571432,512655,-1.3731992861504907,0.1696910021390516,-0.008459763502050771,0.001489252830471618,-0.003 (0.003)
Trump support,60 to 70,Full adjustment set,-0.003710074344751177,0.0025124911324455467,512626,-1.476651717031119,0.13976963523496452,-0.008634478102863153,0.0012143294133607988,-0.004 (0.003)
