outcome,outcome_label,condition,tss_round,estimate,std.error,conf.low,conf.high,conf.high.clipped,df
voted_early_2020,Voted early,control,30,0.2913538382481032,0.008759362595430382,0.2741816692821623,0.30852600721404405,0.30852600721404405,5028
voted_early_2020,Voted early,control,31,0.28190623177526164,0.006931775909757529,0.26831803118885406,0.2954944323616692,0.2954944323616692,7581
voted_early_2020,Voted early,control,32,0.30122163778297356,0.006615958563301919,0.2882529252648874,0.31419035030105974,0.31419035030105974,9388
voted_early_2020,Voted early,control,33,0.29709674388344404,0.007520978545686318,0.28235345900466546,0.3118400287622226,0.3118400287622226,7320
voted_early_2020,Voted early,control,34,0.2838338520632291,0.006545172203402482,0.2710038332256659,0.29666387090079227,0.29666387090079227,9044
voted_early_2020,Voted early,control,35,0.2885110165447439,0.007216628277540115,0.27436433108536107,0.3026577020041268,0.3026577020041268,7274
voted_early_2020,Voted early,control,36,0.2812696500636263,0.006668601235389794,0.2681976326483651,0.2943416674788875,0.2943416674788875,8794
voted_early_2020,Voted early,control,37,0.2942125921648713,0.007454373547826925,0.27959976432241224,0.3088254200073303,0.3088254200073303,7007
voted_early_2020,Voted early,control,38,0.2969921277046715,0.0068259835043430655,0.2836115565476368,0.31037269886170615,0.31037269886170615,8572
voted_early_2020,Voted early,control,39,0.2791688369118321,0.007486219688973496,0.26449353156478744,0.29384414225887673,0.29384414225887673,6873
voted_early_2020,Voted early,control,40,0.2824345708682895,0.0068742033132214815,0.26895942105149545,0.29590972068508353,0.29590972068508353,8326
voted_early_2020,Voted early,control,41,0.30513294020641824,0.008093160227383768,0.2892676865589248,0.32099819385391165,0.32099819385391165,6507
voted_early_2020,Voted early,control,42,0.280669934546602,0.006849249446230979,0.26724364803582284,0.29409622105738115,0.29409622105738115,8108
voted_early_2020,Voted early,control,43,0.2855137131934436,0.007673869651892869,0.2704705155854421,0.3005569108014451,0.3005569108014451,6770
voted_early_2020,Voted early,control,44,0.2822852303583932,0.007107705675158361,0.2683522739146514,0.296218186802135,0.296218186802135,7995
voted_early_2020,Voted early,control,45,0.27901007702544695,0.007694368215678895,0.26392656109635515,0.29409359295453874,0.29409359295453874,6448
voted_early_2020,Voted early,control,46,0.2791628076589448,0.007189525056267868,0.2650693426002025,0.2932562727176871,0.2932562727176871,7565
voted_early_2020,Voted early,control,47,0.27515906955397396,0.007944074575865684,0.25958595701537546,0.29073218209257246,0.29073218209257246,6257
voted_early_2020,Voted early,control,48,0.2880524034695944,0.007289258927702043,0.27376344406211434,0.3023413628770744,0.3023413628770744,7604
voted_early_2020,Voted early,control,49,0.28012637510981836,0.0081958482911339,0.26405964713989466,0.29619310307974206,0.29619310307974206,6153
voted_early_2020,Voted early,control,50,0.2923452325650498,0.00745066454216991,0.2777398616166674,0.3069506035134322,0.3069506035134322,7565
voted_early_2020,Voted early,control,51,0.2826750511786809,0.00772372354901314,0.2675339120753095,0.2978161902820523,0.2978161902820523,6278
voted_early_2020,Voted early,control,52,0.27024866467762865,0.007161362427128933,0.25621038218078657,0.28428694717447073,0.28428694717447073,7485
voted_early_2020,Voted early,control,53,0.2748604816665291,0.008040939913993234,0.2590974754283545,0.2906234879047037,0.2906234879047037,6248
voted_early_2020,Voted early,control,54,0.2809117472546894,0.007526116883188006,0.26615837398692155,0.2956651205224573,0.2956651205224573,7273
voted_early_2020,Voted early,control,55,0.27721355134754294,0.007893340458526233,0.26173980336739605,0.29268729932768983,0.29268729932768983,6071
voted_early_2020,Voted early,control,56,0.2663539967175793,0.0073599786862146264,0.2519263418296751,0.2807816516054835,0.2807816516054835,7394
voted_early_2020,Voted early,control,57,0.29304511930272875,0.008654218601911354,0.27607972468436004,0.31001051392109746,0.31001051392109746,5973
voted_early_2020,Voted early,control,58,0.27830243069778765,0.007545506477113965,0.26351101039112956,0.29309385100444574,0.29309385100444574,7163
voted_early_2020,Voted early,control,59,0.2661956941570193,0.008166981364808396,0.2501854729750294,0.28220591533900924,0.28220591533900924,5996
voted_early_2020,Voted early,control,60,0.27783453544044745,0.0076405563885234605,0.2628568350486131,0.2928122358322818,0.2928122358322818,7295
voted_early_2020,Voted early,control,61,0.28056856889953796,0.008308305414058288,0.2642813877348222,0.29685575006425374,0.29685575006425374,6157
voted_early_2020,Voted early,control,62,0.28368754690352377,0.007615353991860691,0.2687592780346172,0.29861581577243035,0.29861581577243035,7377
voted_early_2020,Voted early,control,63,0.2833588596854875,0.008656105311091242,0.26638975488080857,0.30032796449016647,0.30032796449016647,5953
voted_early_2020,Voted early,control,64,0.27799858760090296,0.007531041064214356,0.2632356384204007,0.2927615367814052,0.2927615367814052,7508
voted_early_2020,Voted early,control,65,0.2694913326121096,0.00818877577766484,0.25343844336550464,0.2855442218587146,0.2855442218587146,6103
voted_early_2020,Voted early,control,66,0.2881064473473237,0.007766610177758199,0.27288167044101025,0.3033312242536372,0.3033312242536372,7369
voted_early_2020,Voted early,control,67,0.27282669147632344,0.008239288987926327,0.25667482813501036,0.2889785548176365,0.2889785548176365,6199
voted_early_2020,Voted early,control,68,0.2836288981798962,0.007652493139999714,0.2686278791892242,0.29862991717056825,0.29862991717056825,7540
voted_early_2020,Voted early,control,69,0.26910739681264195,0.008142590488663105,0.25314504078707906,0.28506975283820485,0.28506975283820485,6091
voted_early_2020,Voted early,control,70,0.2763491457407061,0.010302437060681959,0.25615069181360606,0.2965475996678062,0.2965475996678062,4042
voted_early_2020,Voted early,treat,30,0.29489867522652674,0.0027602953140677326,0.28948836120535265,0.30030898924770083,0.30030898924770083,27911
voted_early_2020,Voted early,treat,31,0.3000150777299342,0.0022766943759665883,0.2955527084140118,0.30447744704585655,0.30447744704585655,41440
voted_early_2020,Voted early,treat,32,0.2952953323060929,0.002071816215350556,0.29123454796613374,0.29935611664605205,0.29935611664605205,49559
voted_early_2020,Voted early,treat,33,0.2919495534946937,0.0022847788987853477,0.2874713352238325,0.2964277717655549,0.2964277717655549,40475
voted_early_2020,Voted early,treat,34,0.29569557868741725,0.002090798654768684,0.29159758684060216,0.29979357053423233,0.29979357053423233,48731
voted_early_2020,Voted early,treat,35,0.2900030692234697,0.002303544659479629,0.28548806678996735,0.294518071656972,0.294518071656972,39639
voted_early_2020,Voted early,treat,36,0.2898072713130907,0.0020919121403621473,0.28570709573157294,0.29390744689460846,0.29390744689460846,48122
voted_early_2020,Voted early,treat,37,0.29298634634677445,0.0023216584268746865,0.28843583938796874,0.29753685330558016,0.29753685330558016,39325
voted_early_2020,Voted early,treat,38,0.29293150418629427,0.00211495355554258,0.28878616545856023,0.2970768429140283,0.2970768429140283,47365
voted_early_2020,Voted early,treat,39,0.28135634783774605,0.002319384466118731,0.27681029462367557,0.2859024010518165,0.2859024010518165,38426
voted_early_2020,Voted early,treat,40,0.2888317817227702,0.002121950534404635,0.28467272715662917,0.2929908362889112,0.2929908362889112,46636
voted_early_2020,Voted early,treat,41,0.290854560985239,0.0023526549540850462,0.28624329561601025,0.2954658263544677,0.2954658263544677,38126
voted_early_2020,Voted early,treat,42,0.28608113341986463,0.0021208010887097707,0.28192433144787515,0.2902379353918541,0.2902379353918541,46491
voted_early_2020,Voted early,treat,43,0.28736891021329414,0.002365111677966277,0.2827332267302376,0.2920045936963507,0.2920045936963507,37462
voted_early_2020,Voted early,treat,44,0.28387187210330433,0.0021307781012718284,0.27969551350237654,0.28804823070423213,0.28804823070423213,45844
voted_early_2020,Voted early,treat,45,0.27913798234558485,0.0023546360606499857,0.2745228300616986,0.2837531346294711,0.2837531346294711,37139
voted_early_2020,Voted early,treat,46,0.28068262948048256,0.0021363915124094717,0.2764952671110287,0.28486999184993644,0.28486999184993644,45273
voted_early_2020,Voted early,treat,47,0.2852212064208919,0.0023854970827268443,0.2805455639602518,0.28989684888153194,0.28989684888153194,36726
voted_early_2020,Voted early,treat,48,0.2822977299469422,0.0021517877260753635,0.2780801894031161,0.2865152704907683,0.2865152704907683,44740
voted_early_2020,Voted early,treat,49,0.2818225373077603,0.0023917488536246596,0.2771346393110765,0.2865104353044441,0.2865104353044441,36283
voted_early_2020,Voted early,treat,50,0.28450264660698343,0.0021550704602456604,0.28027867221751035,0.2887266209964565,0.2887266209964565,44885
voted_early_2020,Voted early,treat,51,0.2820488874360924,0.0023588124492064117,0.2774255499364996,0.2866722249356852,0.2866722249356852,37293
voted_early_2020,Voted early,treat,52,0.27650322878188477,0.0021342943245001586,0.2723199761690084,0.28068648139476116,0.28068648139476116,44965
voted_early_2020,Voted early,treat,53,0.2823743765237297,0.0023744114634051783,0.277720462510542,0.2870282905369174,0.2870282905369174,36802
voted_early_2020,Voted early,treat,54,0.28186802548904016,0.002144255899505008,0.2776652484534635,0.2860708025246168,0.2860708025246168,45137
voted_early_2020,Voted early,treat,55,0.2752709634492401,0.002355949680351742,0.2706532350890271,0.27988869180945314,0.27988869180945314,36810
voted_early_2020,Voted early,treat,56,0.2784972559562697,0.0021314835100652236,0.27431951351688183,0.2826749983956575,0.2826749983956575,45340
voted_early_2020,Voted early,treat,57,0.2792234660722908,0.00236079626418881,0.27459623903901403,0.2838506931055676,0.2838506931055676,36997
voted_early_2020,Voted early,treat,58,0.2770206863698921,0.0021302294040543663,0.2728454017943167,0.28119597094546744,0.28119597094546744,45257
voted_early_2020,Voted early,treat,59,0.2744450265666712,0.002339282706666887,0.2698599679054333,0.27903008522790906,0.27903008522790906,37294
voted_early_2020,Voted early,treat,60,0.2745269530787861,0.0021156850248736834,0.27038017657610264,0.2786737295814696,0.2786737295814696,45607
voted_early_2020,Voted early,treat,61,0.2762396612242883,0.0023377761812006957,0.27165755617992393,0.28082176626865263,0.28082176626865263,37492
voted_early_2020,Voted early,treat,62,0.2735025994183884,0.002086214653717279,0.26941358819847416,0.2775916106383026,0.2775916106383026,46852
voted_early_2020,Voted early,treat,63,0.2731128250975904,0.0022947276685205526,0.26861510073499706,0.2776105494601837,0.2776105494601837,38670
voted_early_2020,Voted early,treat,64,0.27035826246535283,0.0020556824913443086,0.26632909676669086,0.2743874281640148,0.2743874281640148,47787
voted_early_2020,Voted early,treat,65,0.269088187101236,0.0022487132423583077,0.264680656375488,0.273495717826984,0.273495717826984,39883
voted_early_2020,Voted early,treat,66,0.27141125712862574,0.0020298601452094505,0.26743270655196677,0.2753898077052847,0.2753898077052847,49239
voted_early_2020,Voted early,treat,67,0.2697381833378367,0.002242112922109945,0.26534359053189255,0.2741327761437809,0.2741327761437809,40226
voted_early_2020,Voted early,treat,68,0.2699627593356735,0.0020124748496514713,0.2660182855299852,0.2739072331413618,0.2739072331413618,49950
voted_early_2020,Voted early,treat,69,0.2719476451213811,0.0022091508352857737,0.26761766306874485,0.2762776271740173,0.2762776271740173,41601
voted_early_2020,Voted early,treat,70,0.27195308866926254,0.0027072079547692837,0.2666468267699948,0.2772593505685303,0.2772593505685303,27706
voted_in_2020,Voted,control,30,0.5395498533880113,0.009615208712321865,0.5206998529625334,0.5583998538134892,0.5583998538134892,5028
voted_in_2020,Voted,control,31,0.5260712475357547,0.007900138104799883,0.5105847888524564,0.5415577062190531,0.5415577062190531,7581
voted_in_2020,Voted,control,32,0.5362745355867031,0.007111095304249617,0.5223352477560521,0.5502138234173541,0.5502138234173541,9388
voted_in_2020,Voted,control,33,0.5349557527439185,0.008071832590046433,0.5191326352272332,0.5507788702606038,0.5507788702606038,7320
voted_in_2020,Voted,control,34,0.5297083357097809,0.007340823207247316,0.5153186608310598,0.544098010588502,0.544098010588502,9044
voted_in_2020,Voted,control,35,0.5320701900568636,0.008033746953678342,0.5163217148904661,0.5478186652232612,0.5478186652232612,7274
voted_in_2020,Voted,control,36,0.530491282133932,0.007387844637394927,0.516009379505123,0.544973184762741,0.544973184762741,8794
voted_in_2020,Voted,control,37,0.5344518357368225,0.0083187260219572,0.5181446154925565,0.5507590559810885,0.5507590559810885,7007
voted_in_2020,Voted,control,38,0.5416649097935609,0.007391966583441176,0.5271748755300403,0.5561549440570814,0.5561549440570814,8572
voted_in_2020,Voted,control,39,0.5313252401827101,0.008388102265944079,0.5148819661205986,0.5477685142448216,0.5477685142448216,6873
voted_in_2020,Voted,control,40,0.5324476864651327,0.00765378642963379,0.5174443596640917,0.5474510132661737,0.5474510132661737,8326
voted_in_2020,Voted,control,41,0.5543374160170589,0.00857424613844837,0.5375290758877916,0.5711457561463261,0.5711457561463261,6507
voted_in_2020,Voted,control,42,0.5299390111886149,0.007643165803291743,0.5149564448899302,0.5449215774872995,0.5449215774872995,8108
voted_in_2020,Voted,control,43,0.5438029489442108,0.008530082903503542,0.5270813041221115,0.56052459376631,0.56052459376631,6770
voted_in_2020,Voted,control,44,0.5379081924845298,0.007835823347238096,0.5225479355482447,0.5532684494208149,0.5532684494208149,7995
voted_in_2020,Voted,control,45,0.5289933414140454,0.008723513703390296,0.5118923586933831,0.5460943241347077,0.5460943241347077,6448
voted_in_2020,Voted,control,46,0.526862652218042,0.008050763180721336,0.5110809213393398,0.5426443830967441,0.5426443830967441,7565
voted_in_2020,Voted,control,47,0.5428817383218302,0.008877394245617636,0.5254789989194946,0.5602844777241658,0.5602844777241658,6257
voted_in_2020,Voted,control,48,0.5485336549078841,0.007904876992870975,0.5330379141758609,0.5640293956399073,0.5640293956399073,7604
voted_in_2020,Voted,control,49,0.5414946633390644,0.009087442459711974,0.5236800990918866,0.5593092275862421,0.5593092275862421,6153
voted_in_2020,Voted,control,50,0.5443617553728985,0.008046809407797962,0.5285877749867686,0.5601357357590285,0.5601357357590285,7565
voted_in_2020,Voted,control,51,0.5455292665750883,0.00870835218624051,0.5284579186719305,0.562600614478246,0.562600614478246,6278
voted_in_2020,Voted,control,52,0.5317118157159387,0.008167774069330787,0.5157006836272621,0.5477229478046154,0.5477229478046154,7485
voted_in_2020,Voted,control,53,0.542936370405224,0.008881343282834681,0.5255258846823965,0.5603468561280516,0.5603468561280516,6248
voted_in_2020,Voted,control,54,0.5533555575475712,0.008370423488416774,0.5369470983048289,0.5697640167903134,0.5697640167903134,7273
voted_in_2020,Voted,control,55,0.5631435312516929,0.008960787286974315,0.5455772087408515,0.5807098537625344,0.5807098537625344,6071
voted_in_2020,Voted,control,56,0.5429138610036963,0.008277222400891017,0.5266881471365946,0.559139574870798,0.559139574870798,7394
voted_in_2020,Voted,control,57,0.5500411821526513,0.009299608808829308,0.5318105895947742,0.5682717747105284,0.5682717747105284,5973
voted_in_2020,Voted,control,58,0.5468423582505672,0.00846656207664596,0.5302453970514851,0.5634393194496492,0.5634393194496492,7163
voted_in_2020,Voted,control,59,0.5356196199835387,0.009372740060698957,0.5172456780397384,0.553993561927339,0.553993561927339,5996
voted_in_2020,Voted,control,60,0.5610036904143879,0.00844142173666382,0.5444560623067309,0.5775513185220449,0.5775513185220449,7295
voted_in_2020,Voted,control,61,0.5503537744774528,0.009145996530105437,0.5324244260731882,0.5682831228817175,0.5682831228817175,6157
voted_in_2020,Voted,control,62,0.5622732612157646,0.00840592892784203,0.5457952396737765,0.5787512827577527,0.5787512827577527,7377
voted_in_2020,Voted,control,63,0.565660363495098,0.009540941856665344,0.5469566582509329,0.584364068739263,0.584364068739263,5953
voted_in_2020,Voted,control,64,0.5580044125951487,0.008345349532090148,0.5416451908108989,0.5743636343793984,0.5743636343793984,7508
voted_in_2020,Voted,control,65,0.5544570812837158,0.009326155990306506,0.5361745255911671,0.5727396369762646,0.5727396369762646,6103
voted_in_2020,Voted,control,66,0.568067373697348,0.00852310317464235,0.5513596541886451,0.584775093206051,0.584775093206051,7369
voted_in_2020,Voted,control,67,0.5578717395292724,0.009277249628753677,0.5396851134251928,0.576058365633352,0.576058365633352,6199
voted_in_2020,Voted,control,68,0.5807612571846201,0.008339541567956549,0.564413431822908,0.5971090825463322,0.5971090825463322,7540
voted_in_2020,Voted,control,69,0.5637821526983975,0.0093737343357586,0.5454063194835567,0.5821579859132383,0.5821579859132383,6091
voted_in_2020,Voted,control,70,0.5821637654647096,0.01139920161361205,0.5598150486278967,0.6045124823015225,0.6,4042
voted_in_2020,Voted,treat,30,0.5373865467374471,0.0030101722420559553,0.5314864616978705,0.5432866317770237,0.5432866317770237,27911
voted_in_2020,Voted,treat,31,0.5429318424250932,0.0024682315462966416,0.5380940561885854,0.547769628661601,0.547769628661601,41440
voted_in_2020,Voted,treat,32,0.5400378427297086,0.0022581928145824146,0.5356117580460761,0.544463927413341,0.544463927413341,49559
voted_in_2020,Voted,treat,33,0.5324696054107494,0.0025014786627303434,0.5275666507057826,0.5373725601157162,0.5373725601157162,40475
voted_in_2020,Voted,treat,34,0.5384613558658997,0.002277828223502255,0.5339967836953239,0.5429259280364755,0.5429259280364755,48731
voted_in_2020,Voted,treat,35,0.5356907603688235,0.002527023744173465,0.5307377336030916,0.5406437871345553,0.5406437871345553,39639
voted_in_2020,Voted,treat,36,0.5337767713593051,0.002293676391181829,0.5292811351661907,0.5382724075524196,0.5382724075524196,48122
voted_in_2020,Voted,treat,37,0.5404018056365245,0.0025344439741714878,0.5354342338319608,0.5453693774410883,0.5453693774410883,39325
voted_in_2020,Voted,treat,38,0.5373027765272781,0.002310734290653402,0.5327737048039555,0.5418318482506007,0.5418318482506007,47365
voted_in_2020,Voted,treat,39,0.5286293334761578,0.0025683921717532332,0.5235952187539311,0.5336634481983845,0.5336634481983845,38426
voted_in_2020,Voted,treat,40,0.536529812667135,0.002328941080548264,0.5319650535559876,0.5410945717782824,0.5410945717782824,46636
voted_in_2020,Voted,treat,41,0.5409092003915628,0.002573624243474834,0.5358648294238879,0.5459535713592376,0.5459535713592376,38126
voted_in_2020,Voted,treat,42,0.5335142557439265,0.002333269926082867,0.5289410116610382,0.5380874998268148,0.5380874998268148,46491
voted_in_2020,Voted,treat,43,0.534027979092615,0.002599084326679018,0.5289337028279875,0.5391222553572426,0.5391222553572426,37462
voted_in_2020,Voted,treat,44,0.534251595589591,0.0023494024171676463,0.5296467298900036,0.5388564612891784,0.5388564612891784,45844
voted_in_2020,Voted,treat,45,0.534082842998151,0.002610274915497805,0.5289666314361378,0.5391990545601643,0.5391990545601643,37139
voted_in_2020,Voted,treat,46,0.5320971165755595,0.0023646699036139304,0.5274623248189654,0.5367319083321536,0.5367319083321536,45273
voted_in_2020,Voted,treat,47,0.5419551568785151,0.0026213582802244485,0.536817219729769,0.5470930940272613,0.5470930940272613,36726
voted_in_2020,Voted,treat,48,0.5423810329370145,0.002375253909259065,0.5377254948731122,0.5470365710009167,0.5470365710009167,44740
voted_in_2020,Voted,treat,49,0.5411266179040144,0.0026377085515106873,0.535956631675852,0.5462966041321768,0.5462966041321768,36283
voted_in_2020,Voted,treat,50,0.5475571022595221,0.0023689632484570865,0.5429138944035966,0.5522003101154477,0.5522003101154477,44885
voted_in_2020,Voted,treat,51,0.542023073566573,0.0026014780759117014,0.5369241047414858,0.5471220423916602,0.5471220423916602,37293
voted_in_2020,Voted,treat,52,0.5402956080412986,0.0023697445721349198,0.5356508690006535,0.5449403470819437,0.5449403470819437,44965
voted_in_2020,Voted,treat,53,0.5471850590167953,0.0026159894871217774,0.5420576452049498,0.5523124728286407,0.5523124728286407,36802
voted_in_2020,Voted,treat,54,0.5465220887520883,0.0023622329844336072,0.5418920730240444,0.5511521044801322,0.5511521044801322,45137
voted_in_2020,Voted,treat,55,0.5455613526064668,0.0026164426507745823,0.5404330506176277,0.5506896545953058,0.5506896545953058,36810
voted_in_2020,Voted,treat,56,0.5494357385304541,0.002355735758401717,0.5448184580272815,0.5540530190336268,0.5540530190336268,45340
voted_in_2020,Voted,treat,57,0.5515940524685224,0.0026067510354928166,0.5464847471703801,0.5567033577666648,0.5567033577666648,36997
voted_in_2020,Voted,treat,58,0.547223145401868,0.0023591413785032217,0.5425991896013711,0.5518471012023649,0.5518471012023649,45257
voted_in_2020,Voted,treat,59,0.5570129863972557,0.0025935234969070436,0.5519296087709742,0.5620963640235372,0.5620963640235372,37294
voted_in_2020,Voted,treat,60,0.5537712312716995,0.002347293313357396,0.5491704988175301,0.5583719637258688,0.5583719637258688,45607
voted_in_2020,Voted,treat,61,0.553846750257965,0.0025882014728511272,0.548773804815219,0.5589196957007111,0.5589196957007111,37492
voted_in_2020,Voted,treat,62,0.5551229682981705,0.002314294468385229,0.5505869173071802,0.5596590192891608,0.5596590192891608,46852
voted_in_2020,Voted,treat,63,0.5511498825876076,0.002549776351230555,0.5461522563457591,0.556147508829456,0.556147508829456,38670
voted_in_2020,Voted,treat,64,0.5556110818552958,0.00229180324404633,0.5511191162633939,0.5601030474471977,0.5601030474471977,47787
voted_in_2020,Voted,treat,65,0.5598613306203136,0.0025056591858839193,0.5549501798154853,0.5647724814251419,0.5647724814251419,39883
voted_in_2020,Voted,treat,66,0.5605341784061322,0.002254322878174367,0.5561156781424055,0.5649526786698589,0.5649526786698589,49239
voted_in_2020,Voted,treat,67,0.5630349066979744,0.00249286199485267,0.5581488399522897,0.5679209734436591,0.5679209734436591,40226
voted_in_2020,Voted,treat,68,0.5657030306598606,0.002235189973169591,0.5613220326556215,0.5700840286640997,0.5700840286640997,49950
voted_in_2020,Voted,treat,69,0.5706159029040279,0.002445895921958949,0.5658218955073675,0.5754099103006882,0.5754099103006882,41601
voted_in_2020,Voted,treat,70,0.572472072827302,0.0029953260513722064,0.566601085164799,0.5783430604898049,0.5783430604898049,27706
voted_in_person_2020,Voted in person,control,30,0.24819601513990558,0.008949513315980309,0.23065106787340867,0.2657409624064025,0.2657409624064025,5028
voted_in_person_2020,Voted in person,control,31,0.24416501576049462,0.007267482046990176,0.22991873816897437,0.2584112933520149,0.2584112933520149,7581
voted_in_person_2020,Voted in person,control,32,0.23505289780372868,0.006371461721930527,0.22256345207925785,0.2475423435281995,0.2475423435281995,9388
voted_in_person_2020,Voted in person,control,33,0.23785900886047778,0.007219308778496242,0.22370708364187922,0.2520109340790763,0.2520109340790763,7320
voted_in_person_2020,Voted in person,control,34,0.24587448364655742,0.006616764118442133,0.23290412845266453,0.25884483884045034,0.25884483884045034,9044
voted_in_person_2020,Voted in person,control,35,0.24355917351211814,0.007271432757217851,0.22930505537005452,0.25781329165418176,0.25781329165418176,7274
voted_in_person_2020,Voted in person,control,36,0.24922163207030532,0.006591692284298159,0.23630037417905403,0.2621428899615566,0.2621428899615566,8794
voted_in_person_2020,Voted in person,control,37,0.24023924357195098,0.007249420002215745,0.22602818669770305,0.2544503004461989,0.2544503004461989,7007
voted_in_person_2020,Voted in person,control,38,0.24467278208889054,0.006643936120638187,0.23164906763537196,0.2576964965424091,0.2576964965424091,8572
voted_in_person_2020,Voted in person,control,39,0.2521564032708782,0.00773279010154108,0.2369977436750522,0.2673150628667042,0.2673150628667042,6873
voted_in_person_2020,Voted in person,control,40,0.2500131155968397,0.006979513359747264,0.23633153187207276,0.2636946993216066,0.2636946993216066,8326
voted_in_person_2020,Voted in person,control,41,0.24920447581063093,0.008080295034604954,0.23336444216878735,0.2650445094524745,0.2650445094524745,6507
voted_in_person_2020,Voted in person,control,42,0.24926907664201217,0.0070742355096133315,0.23540175971299265,0.2631363935710317,0.2631363935710317,8108
voted_in_person_2020,Voted in person,control,43,0.2582892357507655,0.007895061604170415,0.2428124323612806,0.27376603914025044,0.27376603914025044,6770
voted_in_person_2020,Voted in person,control,44,0.2556229621261377,0.007159623454536501,0.24158823329735474,0.2696576909549207,0.2696576909549207,7995
voted_in_person_2020,Voted in person,control,45,0.24998326438859825,0.0079438347761483,0.2344107111879409,0.26555581758925556,0.26555581758925556,6448
voted_in_person_2020,Voted in person,control,46,0.2476998445591019,0.007154989606051822,0.23367407857047873,0.2617256105477251,0.2617256105477251,7565
voted_in_person_2020,Voted in person,control,47,0.26772266876785633,0.008194704415258103,0.2516582357290391,0.28378710180667355,0.28378710180667355,6257
voted_in_person_2020,Voted in person,control,48,0.26048125143829093,0.0073182242562103775,0.24613551199221095,0.2748269908843709,0.2748269908843709,7604
voted_in_person_2020,Voted in person,control,49,0.26136828822924635,0.00826699051288497,0.2451620966329294,0.2775744798255633,0.2775744798255633,6153
voted_in_person_2020,Voted in person,control,50,0.2520165228078449,0.007277705533233923,0.23775019953367696,0.2662828460820129,0.2662828460820129,7565
voted_in_person_2020,Voted in person,control,51,0.2628542153964105,0.008044883153197012,0.2470834936557951,0.27862493713702596,0.27862493713702596,6278
voted_in_person_2020,Voted in person,control,52,0.26146315103830775,0.007437472708616527,0.24688361481059432,0.2760426872660212,0.2760426872660212,7485
voted_in_person_2020,Voted in person,control,53,0.2680758887386964,0.008303250372343546,0.2517986638350995,0.2843531136422933,0.2843531136422933,6248
voted_in_person_2020,Voted in person,control,54,0.27244381029288395,0.007751869364096276,0.2572478966462383,0.2876397239395296,0.2876397239395296,7273
voted_in_person_2020,Voted in person,control,55,0.28592997990415375,0.008712506202207104,0.26885037641349285,0.30300958339481465,0.30300958339481465,6071
voted_in_person_2020,Voted in person,control,56,0.27655986428611684,0.007751551494675836,0.26136461514491033,0.29175511342732335,0.29175511342732335,7394
voted_in_person_2020,Voted in person,control,57,0.25699606284992393,0.008236803581133937,0.2408489524548772,0.27314317324497067,0.27314317324497067,5973
voted_in_person_2020,Voted in person,control,58,0.26853992755277817,0.007719458942141354,0.2534075090597951,0.28367234604576125,0.28367234604576125,7163
voted_in_person_2020,Voted in person,control,59,0.2694239258265204,0.0083917628156078,0.2529730521458711,0.2858747995071697,0.2858747995071697,5996
voted_in_person_2020,Voted in person,control,60,0.2831691549739394,0.008019676258454232,0.2674482699845876,0.2988900399632912,0.2988900399632912,7295
voted_in_person_2020,Voted in person,control,61,0.26978520557791585,0.008443237182878928,0.2532335110071403,0.2863369001486914,0.2863369001486914,6157
voted_in_person_2020,Voted in person,control,62,0.27858571431224416,0.0077303889442934155,0.2634319440810801,0.2937394845434082,0.2937394845434082,7377
voted_in_person_2020,Voted in person,control,63,0.2823015038096084,0.008839015713736353,0.26497382829895916,0.2996291793202576,0.2996291793202576,5953
voted_in_person_2020,Voted in person,control,64,0.28000582499425025,0.007757081005882956,0.2647997742367995,0.295211875751701,0.295211875751701,7508
voted_in_person_2020,Voted in person,control,65,0.2849657486716102,0.008694162342775296,0.2679221234741481,0.30200937386907223,0.30200937386907223,6103
voted_in_person_2020,Voted in person,control,66,0.2799609263500245,0.007849477208706726,0.2645737063662031,0.29534814633384593,0.29534814633384593,7369
voted_in_person_2020,Voted in person,control,67,0.28504504805295183,0.0085649564518774,0.26825476355901773,0.30183533254688594,0.30183533254688594,6199
voted_in_person_2020,Voted in person,control,68,0.29713235900472834,0.008090566215764185,0.28127259471254207,0.3129921232969146,0.3129921232969146,7540
voted_in_person_2020,Voted in person,control,69,0.2946747558857583,0.00868397371933031,0.2776510973316928,0.3116984144398238,0.3116984144398238,6091
voted_in_person_2020,Voted in person,control,70,0.3058146197240091,0.01107167259954272,0.2841080402437752,0.327521199204243,0.327521199204243,4042
voted_in_person_2020,Voted in person,treat,30,0.24248787151087522,0.0025695184639477186,0.23745148946062442,0.24752425356112603,0.24752425356112603,27911
voted_in_person_2020,Voted in person,treat,31,0.24291676469513965,0.0021097874021488057,0.23878153659168758,0.24705199279859172,0.24705199279859172,41440
voted_in_person_2020,Voted in person,treat,32,0.24474251042354772,0.0019358234844874403,0.24094827344804373,0.2485367473990517,0.2485367473990517,49559
voted_in_person_2020,Voted in person,treat,33,0.24052005191604622,0.0021269456832883685,0.23635119031412272,0.24468891351796973,0.24468891351796973,40475
voted_in_person_2020,Voted in person,treat,34,0.24276577717852962,0.0019442721836876627,0.2389549790710366,0.24657657528602264,0.24657657528602264,48731
voted_in_person_2020,Voted in person,treat,35,0.2456876911453128,0.002165639462815105,0.24144298618399998,0.24993239610662563,0.24993239610662563,39639
voted_in_person_2020,Voted in person,treat,36,0.2439695000462128,0.0019607811115582873,0.24012634302293517,0.2478126570694904,0.2478126570694904,48122
voted_in_person_2020,Voted in person,treat,37,0.24741545928974185,0.0021797265383129024,0.2431431422830413,0.2516877762964424,0.2516877762964424,39325
voted_in_person_2020,Voted in person,treat,38,0.24437127234098516,0.0019777983142940177,0.24049475981596816,0.24824778486600216,0.24824778486600216,47365
voted_in_person_2020,Voted in person,treat,39,0.24727298563837782,0.0022060538199080875,0.2429490634060332,0.2515969078707225,0.2515969078707225,38426
voted_in_person_2020,Voted in person,treat,40,0.24769803094438111,0.002001621802013588,0.2437748224810473,0.2516212394077149,0.2516212394077149,46636
voted_in_person_2020,Voted in person,treat,41,0.25005463940636535,0.0022224346130243597,0.2456986093184768,0.2544106694942539,0.2544106694942539,38126
voted_in_person_2020,Voted in person,treat,42,0.24743312232404124,0.002004681377697853,0.24350391672885993,0.2513623279192226,0.2513623279192226,46491
voted_in_person_2020,Voted in person,treat,43,0.2466590688792989,0.0022319049092578555,0.2422844743009591,0.25103366345763867,0.25103366345763867,37462
voted_in_person_2020,Voted in person,treat,44,0.25037972348623705,0.002027297285491949,0.24640618891224822,0.2543532580602259,0.2543532580602259,45844
voted_in_person_2020,Voted in person,treat,45,0.2549448606525994,0.002268142710765137,0.2504992377443704,0.25939048356082844,0.25939048356082844,37139
voted_in_person_2020,Voted in person,treat,46,0.25141448709497294,0.002044765577944885,0.24740671305837586,0.25542226113157,0.25542226113157,45273
voted_in_person_2020,Voted in person,treat,47,0.25673395045759106,0.002284680264754164,0.25225591184156393,0.2612119890736182,0.2612119890736182,36726
voted_in_person_2020,Voted in person,treat,48,0.26008330299013854,0.0020807861912932554,0.25600492666218216,0.2641616793180949,0.2641616793180949,44740
voted_in_person_2020,Voted in person,treat,49,0.2593040805962896,0.00230758427253734,0.25478114765037735,0.2638270135422019,0.2638270135422019,36283
voted_in_person_2020,Voted in person,treat,50,0.263054455652583,0.0020844136293465773,0.25896896984140216,0.26713994146376385,0.26713994146376385,44885
voted_in_person_2020,Voted in person,treat,51,0.2599741861305474,0.0022778106075446833,0.2555096144761224,0.2644387577849724,0.2644387577849724,37293
voted_in_person_2020,Voted in person,treat,52,0.26379237925935006,0.002085616621498404,0.2597045357594219,0.26788022275927825,0.26788022275927825,44965
voted_in_person_2020,Voted in person,treat,53,0.26481068249302214,0.0023081251852146377,0.26028669147073447,0.2693346735153098,0.2693346735153098,36802
voted_in_person_2020,Voted in person,treat,54,0.2646540632630608,0.002083336615074544,0.26057068903275904,0.26873743749336254,0.26873743749336254,45137
voted_in_person_2020,Voted in person,treat,55,0.2702903891571942,0.0023232931403985206,0.265736668543813,0.27484410977057544,0.27484410977057544,36810
voted_in_person_2020,Voted in person,treat,56,0.27093848257419745,0.0020945365600092422,0.26683315675944025,0.27504380838895465,0.27504380838895465,45340
voted_in_person_2020,Voted in person,treat,57,0.27237058639629097,0.002322124710874565,0.26781915669446077,0.27692201609812117,0.27692201609812117,36997
voted_in_person_2020,Voted in person,treat,58,0.2702024590320624,0.0020947315415638934,0.2660967508492644,0.27430816721486045,0.27430816721486045,45257
voted_in_person_2020,Voted in person,treat,59,0.2825679598306334,0.0023409177751901613,0.2779796963899676,0.28715622327129914,0.28715622327129914,37294
voted_in_person_2020,Voted in person,treat,60,0.27924427819292763,0.002108023947633025,0.27511251752422383,0.28337603886163143,0.28337603886163143,45607
voted_in_person_2020,Voted in person,treat,61,0.27760708903362796,0.002322520224903648,0.2730548860794925,0.2821592919877634,0.2821592919877634,37492
voted_in_person_2020,Voted in person,treat,62,0.2816203688798791,0.0020865638121472054,0.27753067330433784,0.2857100644554204,0.2857100644554204,46852
voted_in_person_2020,Voted in person,treat,63,0.2780370574899651,0.002287188743891459,0.27355410961062826,0.28252000536930194,0.28252000536930194,38670
voted_in_person_2020,Voted in person,treat,64,0.28525281938990127,0.002074146902952912,0.2811874631928464,0.28931817558695616,0.28931817558695616,47787
voted_in_person_2020,Voted in person,treat,65,0.2907731435190664,0.002284012806007543,0.28629642482018836,0.29524986221794447,0.29524986221794447,39883
voted_in_person_2020,Voted in person,treat,66,0.28912292127745154,0.002052637831283189,0.2850997261590109,0.29314611639589216,0.29314611639589216,49239
voted_in_person_2020,Voted in person,treat,67,0.2932967233601722,0.002279826579792959,0.28882821091926886,0.29776523580107556,0.29776523580107556,40226
voted_in_person_2020,Voted in person,treat,68,0.2957402713241671,0.0020515654206001797,0.29171917955071475,0.2997613630976194,0.2997613630976194,49950
voted_in_person_2020,Voted in person,treat,69,0.29866825778267825,0.0022550798496418474,0.2942482538969102,0.3030882616684463,0.3030882616684463,41601
voted_in_person_2020,Voted in person,treat,70,0.3005189841580294,0.0027673400943485946,0.29509486028195675,0.3059431080341021,0.3059431080341021,27706
