outcome,estimate,std.error,df,statistic,p.value,adjusted_p,conf.low,conf.high
Party: Democrat,-0.001171791604498038,9.672692453579375e-4,1999280,-1.2114430497212976,0.22572579192763723,0.8099742300569241,-0.003067605636479197,7.240224274831213e-4
Party: Republican,-1.6415438879366495e-4,3.962049486272719e-4,1999280,-0.414316856370445,0.6786421150292119,0.9444849445950392,-9.40702288721984e-4,6.123935111346542e-4
Party: Unknown,1.1658263840744117e-4,0.0012752333335195381,1999280,0.09142063287012955,0.927158376897392,0.9444849445950392,-0.0023828302803211143,0.0026159955571359965
Party: Other,0.0012193633549023618,9.69988806600463e-4,1999280,1.2570901299117938,0.20872114762414307,0.8099742300569241,-6.817809223948305e-4,0.0031205076321995542
TSS: 30-40,0.0014294390348207533,0.001172974541359556,1999280,1.2186445523054046,0.22297927528809888,0.8099742300569241,-8.695502128351217e-4,0.0037284282824766282
TSS: 40-50,0.0016147650153814392,0.0011660406348636661,1999280,1.3848273954622843,0.1661054064571074,0.8099742300569241,-6.70634017042803e-4,0.0039001640478056815
TSS: 50-60,2.7280775954403153e-4,0.0011924848523411924,1999280,0.22877251564951206,0.8190457530473066,0.9444849445950392,-0.00206442101811325,0.0026100365372013126
TSS: 60-70,-0.0033170118102361624,0.0012715881346950081,1999280,-2.608558321466055,0.009092519253208437,0.20003542357058562,-0.005809280266226891,-8.247433542454331e-4
Trump support score / 100,-7.449694217397418e-4,3.296431473317126e-4,1999280,-2.259926917243317,0.02382589414186987,0.26208483556056855,-0.0013910585094028503,-9.88803340766333e-5
Turnout score / 100,4.6870766066164075e-4,6.628633219451445e-4,1999280,0.7070954828006442,0.47950722536826673,0.9444849445950392,-8.304813635528333e-4,0.0017678966848761147
Ideology score / 100,2.6397664970308735e-5,3.790913547697389e-4,1999280,0.06963404635366256,0.9444849445950392,0.9444849445950392,-7.166081870448342e-4,7.694035169854516e-4
Partisanship score / 100,3.859619507155832e-4,7.89507174445135e-4,1999280,0.4888643994740604,0.6249377549298674,0.9444849445950392,-0.001161444613533246,0.0019333685149644122
Voted in 2000,-5.8919161448326445e-5,8.202377463486507e-4,1999280,-0.07183180938771652,0.9427357651531261,0.9444849445950392,-0.0016665565763161392,0.0015487182534194863
Voted in 2002,1.97522873588153e-4,6.664479286001849e-4,1999280,0.29638155527474197,0.7669387404498537,0.9444849445950392,-0.0011086918548223062,0.0015037376019986124
Voted in 2004,1.7317997278376034e-4,0.0010724655786751905,1999280,0.16147835065969052,0.8717166775721759,0.9444849445950392,-0.0019288152086270134,0.0022751751541945343
Voted in 2006,-1.8386742348901785e-4,8.534538680659736e-4,1999280,-0.2154392057600992,0.8294249277773115,0.9444849445950392,-0.0018566072800419193,0.0014888724330638836
Voted in 2008,-9.368010972723514e-4,0.0012314429960459488,1999280,-0.7607344394180927,0.44681578977898606,0.9444849445950392,-0.0033503864797218017,0.001476784285177099
Voted in 2010,-6.267903959224585e-4,9.080988318836907e-4,1999280,-0.6902226651060572,0.49005425231132826,0.9444849445950392,-0.0024066324783342985,0.0011530516864893814
Voted in 2012,3.2804264556076285e-4,0.0013019558394868692,1999280,0.25196142266242455,0.8010709081258788,0.9444849445950392,-0.002223745454148368,0.002879830745269894
Voted in 2014,-0.0011191122745084349,9.88790632524785e-4,1999280,-1.1317990256955466,0.2577190731999304,0.8099742300569241,-0.00305710747577045,8.188829267535799e-4
Voted in 2016,-3.8379052717166115e-4,0.0013752503668968928,1999280,-0.2790695690106551,0.7801914650075654,0.9444849445950392,-0.003079233347836932,0.0023116522934936096
Voted in 2018,0.0011236620086779777,0.0012748509644385383,1999280,0.8814065643922965,0.37809791191208664,0.9444849445950392,-0.001375001479969311,0.0036223254973252665
