inquiry,outcome,estimator,estimate,std.error,df,statistic,p.value,conf.low,conf.high,entry
Difference-in-CATEs TSS 60-70 versus TSS 30-40,Voted early in 2020,Unadjusted,-0.010423533568914432,0.0034720247246574844,1035574,-3.0021484279443644,0.002680878210981691,-0.017228584936326355,-0.0036184822015025075,-0.010 (0.003)
Difference-in-CATEs TSS 60-70 versus TSS 30-40,Voted early in 2020,PAP adjustment set,-0.010201149200031064,0.0033941706836867072,1035571,-3.0054909286266946,0.002651588519860667,-0.016853609272765274,-0.003548689127296855,-0.010 (0.003)
Difference-in-CATEs TSS 60-70 versus TSS 30-40,Voted early in 2020,Full adjustment set,-0.010593704561394596,0.0033619606759060197,1035542,-3.151049516229003,0.0016268953823008296,-0.01718303410536627,-0.00400437501742292,-0.011 (0.003)
Difference-in-CATEs TSS 60-70 versus TSS 30-40,Voted in person in 2020,Unadjusted,0.0029908040243898965,0.0035317239828947656,1035574,0.8468396847758454,0.39708468079992254,-0.0039312558758288225,0.009912863924608615,0.003 (0.004)
Difference-in-CATEs TSS 60-70 versus TSS 30-40,Voted in person in 2020,PAP adjustment set,0.0031008588833835327,0.0033615115620358525,1035571,0.9224596810565604,0.3562890667340519,-0.003487590412333154,0.00968930817910022,0.003 (0.003)
Difference-in-CATEs TSS 60-70 versus TSS 30-40,Voted in person in 2020,Full adjustment set,0.0029634164888337126,0.0033299738398789988,1035542,0.8899218526417596,0.3735080558710765,-0.003563219935268492,0.009490052912935917,0.003 (0.003)
Difference-in-CATEs TSS 60-70 versus TSS 30-40,Voted in 2020,Unadjusted,-0.007432729544552804,0.003845549882654923,1035574,-1.9328131922244975,0.05325948692449633,-0.014969877624623932,1.0441853551832435e-4,-0.007 (0.004)
Difference-in-CATEs TSS 60-70 versus TSS 30-40,Voted in 2020,PAP adjustment set,-0.007100290316653257,0.003392066673509903,1035571,-2.0932048217396364,0.03633111716609793,-0.013748626600397981,-4.5195403290853274e-4,-0.007 (0.003)
Difference-in-CATEs TSS 60-70 versus TSS 30-40,Voted in 2020,Full adjustment set,-0.007630288072569627,0.0033649143498366333,1035542,-2.2676024645144617,0.023353652466628183,-0.014225406717833813,-0.0010351694273054426,-0.008 (0.003)
Treatment*TSS interaction term from linear model,Voted early in 2020,Unadjusted,-0.02783208455278214,0.010604915253705811,1999278,-2.6244513875824156,0.008678934040729428,-0.04861734909256275,-0.007046820013001529,-0.028 (0.011)
Treatment*TSS interaction term from linear model,Voted early in 2020,PAP adjustment set,-0.0280914841660924,0.01035655725874144,1999276,-2.712434592333453,0.006679153253005875,-0.04838997568578973,-0.0077929926463950645,-0.028 (0.010)
Treatment*TSS interaction term from linear model,Voted early in 2020,Full adjustment set,-0.029141448712635454,0.010260358592063753,1999247,-2.8401978791634015,0.0045086012348398066,-0.04925139419631429,-0.009031503228956617,-0.029 (0.010)
Treatment*TSS interaction term from linear model,Voted in person in 2020,Unadjusted,0.009702372763138395,0.01082042075281045,1999278,0.8966724108781391,0.3698938544900968,-0.01150527504906885,0.030910020575345643,0.010 (0.011)
Treatment*TSS interaction term from linear model,Voted in person in 2020,PAP adjustment set,0.00918671170211918,0.010304585631078455,1999276,0.8915168480343562,0.37265206436300635,-0.01100991723747302,0.02938334064171138,0.009 (0.010)
Treatment*TSS interaction term from linear model,Voted in person in 2020,Full adjustment set,0.009255034416058641,0.010209158155031364,1999247,0.906542368676843,0.3646489592050356,-0.010754559994290432,0.029264628826407714,0.009 (0.010)
Treatment*TSS interaction term from linear model,Voted in 2020,Unadjusted,-0.018129711789641432,0.011759867058456035,1999278,-1.5416595867557112,0.12315649568910815,-0.04117864164103703,0.004919218061754164,-0.018 (0.012)
Treatment*TSS interaction term from linear model,Voted in 2020,PAP adjustment set,-0.01890477246392298,0.01035531567106212,1999276,-1.8256104463094522,0.06790911025136327,-0.03920083051501197,0.0013912855871660128,-0.019 (0.010)
Treatment*TSS interaction term from linear model,Voted in 2020,Full adjustment set,-0.019886414296525278,0.01027804974899769,1999247,-1.9348431640413681,0.053009685355866254,-0.04003103383163151,2.582052385809476e-4,-0.020 (0.010)
