quantity,value
n_total,1999282
n_control,287735
n_treatment,1711547
n_dic_sample,1035578
tss_min,30
tss_max,70
pts_min,20
pts_max,99.2
num_times_voted_max,3
n_strata,18
interval_level,95
ate_pap_estimate,-6.372692371364134e-4
ate_pap_se,0.0012144335131732246
ate_pap_t,-0.5247460896161175
ate_pap_df,1999277
ate_pap_p,0.599759770883685
ate_pap_ci_low,-0.003017516625579005
ate_pap_ci_high,0.001742978151306178
tost_p_lower,0.013208777436870295
tost_p_upper,5.386695600990319e-4
equivalence_bound,0.0033333333333333335
cate_biden_estimate,0.0036308083588716044
cate_biden_se,0.00225124130634715
cate_biden_t,1.6128028339898095
cate_biden_df,522913
cate_biden_p,0.10678795368106851
cate_biden_ci_low,-7.815537351860769e-4
cate_biden_ci_high,0.008043170452929287
cate_trump_estimate,-0.0034852553357895767
cate_trump_se,0.00253805501571432
cate_trump_t,-1.3731992861504907
cate_trump_df,512655
cate_trump_p,0.1696910021390516
cate_trump_ci_low,-0.008459763502050771
cate_trump_ci_high,0.001489252830471618
dic_estimate,-0.007100290316645276
dic_se,0.0033920666735103794
dic_t,-2.093204821736989
dic_df,1035571
dic_p,0.036331117166334144
dic_ci_low,-0.013748626600390935
dic_ci_high,-4.51954032899618e-4
cate_republican_estimate,-0.009848866727905064
cate_republican_se,0.004917216205008622
cate_democrat_estimate,0.0077328788359217965
cate_democrat_se,0.004879099183165514
equality_f,20.99498107120079
equality_num_df,1
equality_den_df,1035571
equality_p,4.605416948859714e-6
omnibus_f,1.0266099889246125
omnibus_num_df,18
omnibus_den_df,1999246
omnibus_p,0.4245441173175024
