paper_id,claim_id,table_figure,claim,value_script,value_paper,match,value_rewrite,match_rewrite,holds,defect_locus,notes
aggarwal_etal_2023,figure_1_cells_reproduced,figure_1,Cells of figure_1 reproduced at the precision the float prints,114,114,1,114,1,NA,NA,"114 published numbers. Rewrite gives 114, which matches."
aggarwal_etal_2023,figure_2_cells_reproduced,figure_2,Cells of figure_2 reproduced at the precision the float prints,36,36,1,36,1,NA,NA,"36 published numbers. Rewrite gives 36, which matches."
aggarwal_etal_2023,table_1_cells_reproduced,table_1,Cells of table_1 reproduced at the precision the float prints,95,95,1,95,1,NA,NA,"95 published numbers. Rewrite gives 95, which matches."
aggarwal_etal_2023,supplementary_table_1_cells_reproduced,supplementary_table_1,Cells of supplementary_table_1 reproduced at the precision the float prints,399,399,1,399,1,NA,NA,"399 published numbers. Rewrite gives 399, which matches."
aggarwal_etal_2023,supplementary_table_2_cells_reproduced,supplementary_table_2,Cells of supplementary_table_2 reproduced at the precision the float prints,126,126,1,126,1,NA,NA,"126 published numbers. Rewrite gives 126, which matches."
aggarwal_etal_2023,supplementary_table_3_cells_reproduced,supplementary_table_3,Cells of supplementary_table_3 reproduced at the precision the float prints,176,176,1,176,1,NA,NA,"176 published numbers. Rewrite gives 176, which matches."
aggarwal_etal_2023,figure_1_agrees_with_supplementary_table_1,figure_1,Every estimate and standard error printed on the face of Figure 1 equals the same cell of Supplementary Table 1,NA,NA,NA,NA,NA,TRUE,NA,114 of 114 cells agree between the two published transcriptions. The claim holds.
aggarwal_etal_2023,figure_2_agrees_with_supplementary_table_2,figure_2,Every estimate and standard error printed on the face of Figure 2 equals the same cell of Supplementary Table 2,NA,NA,NA,NA,NA,TRUE,NA,36 of 36 cells agree between the two published transcriptions. The claim holds.
aggarwal_etal_2023,abstract_campaign_cost,abstract,A US$8.9 million campaign-wide field experiment,NA,8.9,NA,NA,NA,NA,archive,The deposit carries no field for the programme's total cost. No rewrite counterpart.
aggarwal_etal_2023,abstract_sample_millions,abstract,Conducted among 2 million moderate- and low-information persuadable voters,NA,2,NA,1.999282,1,NA,NA,"Rewrite gives 2, which matches."
aggarwal_etal_2023,abstract_n_states,abstract,Five battleground states,NA,5,NA,NA,NA,NA,archive,The deposit carries no state field. No rewrite counterpart.
aggarwal_etal_2023,abstract_programme_months,abstract,An 8-month-long advertising programme,NA,8,NA,NA,NA,NA,archive,The deposit carries no delivery dates for the programme. No rewrite counterpart.
aggarwal_etal_2023,abstract_biden_effect,abstract,The campaign increased voting among Biden leaners by 0.4 percentage points,0.363080835893365,0.4,1,0.363080835893365,1,NA,NA,"Rewrite gives 0.4, which matches."
aggarwal_etal_2023,abstract_biden_se,abstract,Standard error of 0.2 percentage points,0.22512413063475997,0.2,1,0.22512413063475997,1,NA,NA,"Rewrite gives 0.2, which matches."
aggarwal_etal_2023,abstract_trump_effect,abstract,Decreased voting among Trump leaners by 0.3 percentage points,0.34852553358620403,0.3,1,0.34852553358620403,1,NA,NA,"Compared as a magnitude, since the sentence states a decrease. Rewrite gives 0.3, which matches."
aggarwal_etal_2023,abstract_trump_se,abstract,Standard error of 0.3 percentage points,0.253805501571923,0.3,1,0.253805501571923,1,NA,NA,"Rewrite gives 0.3, which matches."
aggarwal_etal_2023,abstract_dic,abstract,A difference in conditional average treatment effects of 0.7 points,0.710029031666833,0.7,1,0.710029031666833,1,NA,NA,"Compared as a magnitude, since the sentence states a difference. Rewrite gives 0.7, which matches."
aggarwal_etal_2023,abstract_dic_t,abstract,t statistic of the difference in CATEs,-2.09320482174741,-2.09,1,-2.09320482174741,1,NA,NA,"Rewrite gives -2.09, which matches."
aggarwal_etal_2023,abstract_dic_df,abstract,Degrees of freedom of the difference in CATEs,1035571,1035571,1,1035571,1,NA,NA,"Rewrite gives 1035571, which matches."
aggarwal_etal_2023,abstract_dic_p,abstract,p-value of the difference in CATEs,0.03633111716540424,0.036,1,0.03633111716540424,1,NA,NA,"Rewrite gives 0.036, which matches."
aggarwal_etal_2023,abstract_dic_ci_low,abstract,Lower bound of the 95 per cent interval,-0.01374862660040249,-0.014,1,-0.01374862660040249,1,NA,NA,"Rewrite gives -0.014, which matches."
aggarwal_etal_2023,abstract_dic_ci_high,abstract,Upper bound of the 95 per cent interval,-4.5195403293418583e-4,0,1,-4.5195403293418583e-4,1,NA,NA,"Printed as a bare 0. Rewrite gives 0, which matches."
aggarwal_etal_2023,intro_impressions_per_participant,introduction,An average of 754 advertisement impressions per treated participant,NA,754,NA,NA,NA,NA,archive,Nothing in the deposit records advertisement impressions. No rewrite counterpart.
aggarwal_etal_2023,intro_party_registration_missing,introduction,Party registration was not available for 72 per cent of the participant pool,NA,72,NA,72.12944447056493,1,NA,NA,"Rewrite gives 72, which matches."
aggarwal_etal_2023,intro_tss_low_bucket_min,introduction,Biden leaners have modelled Trump support scores between 30 and 40,NA,30,NA,30,1,NA,NA,"Rewrite gives 30, which matches."
aggarwal_etal_2023,intro_tss_low_bucket_max,introduction,Biden leaners have modelled Trump support scores between 30 and 40,NA,40,NA,40,1,NA,NA,"Rewrite gives 40, which matches."
aggarwal_etal_2023,intro_tss_high_bucket_min,introduction,Trump leaners have a Trump support score between 60 and 70,NA,60,NA,60,1,NA,NA,"Rewrite gives 60, which matches."
aggarwal_etal_2023,intro_tss_high_bucket_max,introduction,Trump leaners have a Trump support score between 60 and 70,NA,70,NA,70,1,NA,NA,"Rewrite gives 70, which matches."
aggarwal_etal_2023,results_ate_pp,results,The overall effect on turnout was -0.06 percentage points,-0.0637269236894564,-0.06,1,-0.0637269236894564,1,NA,NA,"Rewrite gives -0.06, which matches."
aggarwal_etal_2023,results_ate_se_pp,results,With a robust standard error of 0.12 points,0.121443351315408,0.12,1,0.121443351315408,1,NA,NA,"Rewrite gives 0.12, which matches."
aggarwal_etal_2023,results_ate_t,results,t statistic of the average treatment effect,-0.52474608942524,-0.52,1,-0.52474608942524,1,NA,NA,"Rewrite gives -0.52, which matches."
aggarwal_etal_2023,results_ate_df,results,Degrees of freedom of the average treatment effect,1999277,1999277,1,1999277,1,NA,NA,"Rewrite gives 1999277, which matches."
aggarwal_etal_2023,results_ate_p,results,p-value of the average treatment effect,0.5997597710163942,0.60,1,0.5997597710163942,1,NA,NA,"Rewrite gives 0.60, which matches."
aggarwal_etal_2023,results_ate_estimate,results,The average treatment effect on the proportion scale,-6.37269236894564e-4,-0.0006,1,-6.37269236894564e-4,1,NA,NA,"Rewrite gives -0.0006, which matches."
aggarwal_etal_2023,results_ate_ci_low,results,Lower bound of the 95 per cent interval,-0.00301751662529964,-0.0030,1,-0.00301751662529964,1,NA,NA,"Rewrite gives -0.0030, which matches."
aggarwal_etal_2023,results_ate_ci_high,results,Upper bound of the 95 per cent interval,0.00174297815151052,0.0017,1,0.00174297815151052,1,NA,NA,"Rewrite gives 0.0017, which matches."
aggarwal_etal_2023,results_equivalence_bound,results,An equivalence range of plus or minus one-third of a percentage point,NA,0.333,NA,0.333333333333333,1,NA,NA,"Rewrite gives 0.333, which matches."
aggarwal_etal_2023,results_tost_p,results,Two one-sided tests p-value,0.01320878,0.013,1,0.01320877742892415,1,NA,NA,"Rewrite gives 0.013, which matches."
aggarwal_etal_2023,results_early_dic_pp,results,Differential effects were 1.0 percentage points favouring Biden in the early voting data,1.0201149200033839,1.0,1,1.0201149200033839,1,NA,NA,"Rewrite gives 1.0, which matches."
aggarwal_etal_2023,results_in_person_dic_pp,results,And 0.3 percentage points favouring Trump in the in-person voting data,0.310085888338398,0.3,1,0.310085888338398,1,NA,NA,"Rewrite gives 0.3, which matches."
aggarwal_etal_2023,results_equality_f,results,Linear hypothesis test of equality of the two differences in CATEs,20.99498107120079,20.99,1,20.99498107120079,1,NA,NA,"Rewrite gives 20.99, which matches."
aggarwal_etal_2023,results_equality_num_df,results,Numerator degrees of freedom of that test,1,1,1,1,1,NA,NA,"Rewrite gives 1, which matches."
aggarwal_etal_2023,results_equality_den_df,results,Denominator degrees of freedom of that test,1035571,1035571,1,1035571,1,NA,NA,"Rewrite gives 1035571, which matches."
aggarwal_etal_2023,results_equality_p,results,"p-value of that test, printed as below 0.0001",NA,0.0001,NA,4.605416948859714e-6,1,NA,NA,"Rewrite gives 0.0000, which matches."
aggarwal_etal_2023,figure_1_caption_n_total,figure_1,"Figure 1 caption sample size, Total: Total",NA,1999282,NA,1999282,1,NA,NA,"Rewrite gives 1999282, which matches."
aggarwal_etal_2023,figure_1_caption_n_age_18_39,figure_1,"Figure 1 caption sample size, Age: 18-39",NA,1379017,NA,1379017,1,NA,NA,"Rewrite gives 1379017, which matches."
aggarwal_etal_2023,figure_1_caption_n_age_40_plus,figure_1,"Figure 1 caption sample size, Age: 40+",NA,620265,NA,620265,1,NA,NA,"Rewrite gives 620265, which matches."
aggarwal_etal_2023,figure_1_caption_n_female,figure_1,"Figure 1 caption sample size, Gender: Female",NA,978041,NA,978041,1,NA,NA,"Rewrite gives 978041, which matches."
aggarwal_etal_2023,figure_1_caption_n_other_gender,figure_1,"Figure 1 caption sample size, Gender: Other",NA,1021241,NA,1021241,1,NA,NA,"Rewrite gives 1021241, which matches."
aggarwal_etal_2023,figure_1_caption_n_black,figure_1,"Figure 1 caption sample size, Race: Black",NA,233546,NA,233546,1,NA,NA,"Rewrite gives 233546, which matches."
aggarwal_etal_2023,figure_1_caption_n_latinx,figure_1,"Figure 1 caption sample size, Race: Latinx",NA,179036,NA,179036,1,NA,NA,"Rewrite gives 179036, which matches."
aggarwal_etal_2023,figure_1_caption_n_white,figure_1,"Figure 1 caption sample size, Race: White",NA,1531129,NA,1531129,1,NA,NA,"Rewrite gives 1531129, which matches."
aggarwal_etal_2023,figure_1_caption_n_other_race,figure_1,"Figure 1 caption sample size, Race: Other",NA,55571,NA,55571,1,NA,NA,"Rewrite gives 55571, which matches."
aggarwal_etal_2023,figure_1_caption_n_margin_under_3,figure_1,"Figure 1 caption sample size, Margin: Vote margin less than 3pp",NA,1337057,NA,1337057,1,NA,NA,"Rewrite gives 1337057, which matches."
aggarwal_etal_2023,figure_1_caption_n_margin_over_3,figure_1,"Figure 1 caption sample size, Margin: Vote margin more than 3pp",NA,662225,NA,662225,1,NA,NA,"Rewrite gives 662225, which matches."
aggarwal_etal_2023,figure_1_caption_n_democrat,figure_1,"Figure 1 caption sample size, Partisanship: Democrat",NA,182945,NA,182945,1,NA,NA,"Rewrite gives 182945, which matches."
aggarwal_etal_2023,figure_1_caption_n_republican,figure_1,"Figure 1 caption sample size, Partisanship: Republican",NA,71875,NA,71875,1,NA,NA,"Rewrite gives 71875, which matches."
aggarwal_etal_2023,figure_1_caption_n_unknown_party,figure_1,"Figure 1 caption sample size, Partisanship: Unknown",NA,1442071,NA,1442071,1,NA,NA,"Rewrite gives 1442071, which matches."
aggarwal_etal_2023,figure_1_caption_n_other_party,figure_1,"Figure 1 caption sample size, Partisanship: Other",NA,302391,NA,302391,1,NA,NA,"Rewrite gives 302391, which matches."
aggarwal_etal_2023,figure_1_caption_n_tss_30_40,figure_1,"Figure 1 caption sample size, Trump support: 30 to 40",NA,522918,NA,522918,1,NA,NA,"Rewrite gives 522918, which matches."
aggarwal_etal_2023,figure_1_caption_n_tss_40_50,figure_1,"Figure 1 caption sample size, Trump support: 40 to 50",NA,485371,NA,485371,1,NA,NA,"Rewrite gives 485371, which matches."
aggarwal_etal_2023,figure_1_caption_n_tss_50_60,figure_1,"Figure 1 caption sample size, Trump support: 50 to 60",NA,478333,NA,478333,1,NA,NA,"Rewrite gives 478333, which matches."
aggarwal_etal_2023,figure_1_caption_n_tss_60_70,figure_1,"Figure 1 caption sample size, Trump support: 60 to 70",NA,512660,NA,512660,1,NA,NA,"Rewrite gives 512660, which matches."
aggarwal_etal_2023,figure_2_caption_n_dic,figure_2,Figure 2 caption sample size for the difference in CATEs estimates,NA,1035578,NA,1035578,1,NA,NA,"Rewrite gives 1035578, which matches."
aggarwal_etal_2023,figure_2_caption_n_interaction,figure_2,Figure 2 caption sample size for the interaction estimates,NA,1999282,NA,1999282,1,NA,NA,"Rewrite gives 1999282, which matches."
aggarwal_etal_2023,figure_3_caption_n,figure_3,Figure 3 caption sample size,NA,1999282,NA,1999282,1,NA,NA,"Rewrite gives 1999282, which matches."
aggarwal_etal_2023,figure_3_caption_panel_range_pp,figure_3,The vertical scales of all three facets cover a 15 percentage point range,NA,15,NA,NA,NA,NA,NA,Asserted in figure_3_turnout_by_tss_score.R at the point of use. No rewrite counterpart.
aggarwal_etal_2023,figure_5_caption_n,figure_5,Figure 5 caption sample size,NA,1999282,NA,1999282,1,NA,NA,"Rewrite gives 1999282, which matches."
aggarwal_etal_2023,figure_3_points_plotted,figure_3,Number of binned means Figure 3 plots,NA,246,NA,246,1,NA,NA,"Rewrite gives 246, which matches."
aggarwal_etal_2023,figure_5_points_plotted,figure_5,Number of covariate estimates Figure 5 plots,NA,22,NA,22,1,NA,NA,"Rewrite gives 22, which matches."
aggarwal_etal_2023,figure_4_eligible_voters,figure_4,All voters registered as of February 2020 in five states,NA,31146729,NA,NA,NA,NA,archive,"The deposit holds only the analysis subset, so this has no counterpart in it. No rewrite counterpart."
aggarwal_etal_2023,figure_4_step_1_sampled,figure_4,"sample of 700,000 from all eligible",NA,700000,NA,NA,NA,NA,archive,"The deposit holds only the analysis subset, so this has no counterpart in it. No rewrite counterpart."
aggarwal_etal_2023,figure_4_step_2_sampled,figure_4,18 to 24 year olds sampled,NA,564872,NA,NA,NA,NA,archive,"The deposit holds only the analysis subset, so this has no counterpart in it. No rewrite counterpart."
aggarwal_etal_2023,figure_4_step_2_pool,figure_4,18 to 24 year olds eligible,NA,2094514,NA,NA,NA,NA,archive,"The deposit holds only the analysis subset, so this has no counterpart in it. No rewrite counterpart."
aggarwal_etal_2023,figure_4_step_3_sampled,figure_4,25 to 34 year olds sampled,NA,454521,NA,NA,NA,NA,archive,"The deposit holds only the analysis subset, so this has no counterpart in it. No rewrite counterpart."
aggarwal_etal_2023,figure_4_step_3_pool,figure_4,25 to 34 year olds eligible,NA,5056020,NA,NA,NA,NA,archive,"The deposit holds only the analysis subset, so this has no counterpart in it. No rewrite counterpart."
aggarwal_etal_2023,figure_4_step_4_sampled,figure_4,Black voters sampled,NA,327230,NA,NA,NA,NA,archive,"The deposit holds only the analysis subset, so this has no counterpart in it. No rewrite counterpart."
aggarwal_etal_2023,figure_4_step_4_pool,figure_4,"Black voters eligible, stated with a question mark",NA,3252002,NA,NA,NA,NA,archive,"The deposit holds only the analysis subset, so this has no counterpart in it. No rewrite counterpart."
aggarwal_etal_2023,figure_4_step_5_sampled,figure_4,Latinx voters sampled,NA,68842,NA,NA,NA,NA,archive,"The deposit holds only the analysis subset, so this has no counterpart in it. No rewrite counterpart."
aggarwal_etal_2023,figure_4_step_5_pool,figure_4,"Latinx voters eligible, stated with a question mark",NA,1267156,NA,NA,NA,NA,archive,"The deposit holds only the analysis subset, so this has no counterpart in it. No rewrite counterpart."
aggarwal_etal_2023,figure_4_step_6_sampled,figure_4,women sampled,NA,448812,NA,NA,NA,NA,archive,"The deposit holds only the analysis subset, so this has no counterpart in it. No rewrite counterpart."
aggarwal_etal_2023,figure_4_step_6_pool,figure_4,women eligible,NA,15976028,NA,NA,NA,NA,archive,"The deposit holds only the analysis subset, so this has no counterpart in it. No rewrite counterpart."
aggarwal_etal_2023,figure_4_assigned_control,figure_4,assigned to control before the targeting and archival restrictions,NA,2486157,NA,NA,NA,NA,archive,"The deposit holds only the analysis subset, so this has no counterpart in it. No rewrite counterpart."
aggarwal_etal_2023,figure_4_assigned_treatment,figure_4,assigned to treatment before the targeting and archival restrictions,NA,28660572,NA,NA,NA,NA,archive,"The deposit holds only the analysis subset, so this has no counterpart in it. No rewrite counterpart."
aggarwal_etal_2023,figure_4_attention_percentile,figure_4,NA,NA,50,NA,NA,NA,NA,archive,"The deposit holds only the analysis subset, so this has no counterpart in it. No rewrite counterpart."
aggarwal_etal_2023,figure_4_archival_age_min,figure_4,NA,NA,18,NA,NA,NA,NA,archive,"The deposit holds only the analysis subset, so this has no counterpart in it. No rewrite counterpart."
aggarwal_etal_2023,figure_4_archival_age_max,figure_4,NA,NA,55,NA,NA,NA,NA,archive,"The deposit holds only the analysis subset, so this has no counterpart in it. No rewrite counterpart."
aggarwal_etal_2023,figure_4_archival_college_max,figure_4,NA,NA,50,NA,NA,NA,NA,archive,"The deposit holds only the analysis subset, so this has no counterpart in it. No rewrite counterpart."
aggarwal_etal_2023,figure_4_archival_pts_min,figure_4,NA,NA,20,NA,NA,NA,NA,archive,"The deposit holds only the analysis subset, so this has no counterpart in it. No rewrite counterpart."
aggarwal_etal_2023,figure_4_assignment_sums_to_eligible,figure_4,The control and treatment assignment counts sum to the eligible population,NA,31146729,NA,31146729,1,NA,NA,"Computed from the article's own printed figures, not from the deposit. Rewrite gives 31146729, which matches."
aggarwal_etal_2023,figure_4_n_control,figure_4,Control group participants assessed for turnout,NA,287735,NA,287735,1,NA,NA,"Rewrite gives 287735, which matches."
aggarwal_etal_2023,figure_4_n_treatment,figure_4,Treatment group participants assessed for turnout,NA,1711547,NA,1711547,1,NA,NA,"Rewrite gives 1711547, which matches."
aggarwal_etal_2023,figure_4_n_strata,figure_4,The procedure generated 18 strata of subjects,NA,18,NA,18,1,NA,NA,"Rewrite gives 18, which matches."
aggarwal_etal_2023,figure_4_tss_target_min,figure_4,Targeting criterion: Trump support score between 30 and 70,NA,30,NA,30,1,NA,NA,"Rewrite gives 30, which matches."
aggarwal_etal_2023,figure_4_tss_target_max,figure_4,Targeting criterion: Trump support score between 30 and 70,NA,70,NA,70,1,NA,NA,"Rewrite gives 70, which matches."
aggarwal_etal_2023,figure_4_pts_target_min,figure_4,Targeting criterion: presidential turnout score between 20 and 80,NA,20,NA,20,1,NA,NA,"Rewrite gives 20, which matches."
aggarwal_etal_2023,figure_4_pts_target_max,figure_4,Targeting criterion: presidential turnout score between 20 and 80,NA,80,NA,99.2,0,NA,unresolved,"The deposited analysis set reaches a presidential turnout score above 80, so the upper half of the stated targeting criterion does not hold in the data the article analyses. The archival subset criteria in the same figure impose only a lower bound. Rewrite gives 99 against a published 80."
aggarwal_etal_2023,methods_pts_range_holds,figure_4,Presidential turnout scores in the analysis set lie between 20 and 80,NA,NA,NA,NA,NA,FALSE,unresolved,The observed range is 20.0 to 99.2. The claim does not hold.
aggarwal_etal_2023,figure_5_axis_breaks,figure_5,Figure 5 prints five axis breaks,NA,5,NA,NA,NA,NA,NA,Set in figure_5_balance.R at the point of use. No rewrite counterpart.
aggarwal_etal_2023,methods_n_analysis_sample,methods,"An analysis sample of 1,999,282 participants",NA,1999282,NA,1999282,1,NA,NA,"Rewrite gives 1999282, which matches."
aggarwal_etal_2023,methods_n_covariates,methods,"Out of 21 covariates, only two exhibited statistically significant imbalance",NA,21,NA,22,0,FALSE,paper_internal,Figure 5 and Supplementary Table 3 report 22 covariates Rewrite gives 22 against a published 21.
aggarwal_etal_2023,methods_n_significant_imbalance,methods,Only two covariates exhibited statistically significant imbalance,NA,2,NA,2,1,TRUE,NA,"2 covariates have an unadjusted p below 0.05: TSS: 60-70; Trump support score / 100 Rewrite gives 2, which matches."
aggarwal_etal_2023,methods_tss100_estimate,methods,Trump support score imbalance estimate,-7.449694217237392e-4,-0.001,1,-7.449694217237392e-4,1,NA,NA,"Rewrite gives -0.001, which matches."
aggarwal_etal_2023,methods_tss100_t,methods,Trump support score imbalance t statistic,-2.259926917228871,-2.260,1,-2.259926917228871,1,NA,NA,"Rewrite gives -2.260, which matches."
aggarwal_etal_2023,methods_tss100_df,methods,Trump support score imbalance degrees of freedom,1999280,1999280,1,1999280,1,NA,NA,"Rewrite gives 1999280, which matches."
aggarwal_etal_2023,methods_tss100_p,methods,Trump support score imbalance p-value,0.02382589414276658,0.024,1,0.02382589414276658,1,NA,NA,"Rewrite gives 0.024, which matches."
aggarwal_etal_2023,methods_tss100_ci_low,methods,"Trump support score imbalance interval, lower",-0.00139105850937709,-0.001,1,-0.00139105850937709,1,NA,NA,"Rewrite gives -0.001, which matches."
aggarwal_etal_2023,methods_tss100_ci_high,methods,"Trump support score imbalance interval, upper",-9.88803340703793e-5,0,1,-9.88803340703793e-5,1,NA,NA,"Rewrite gives 0, which matches."
aggarwal_etal_2023,methods_tss6070_estimate,methods,TSS 60 to 70 imbalance estimate,-0.0033170118101412,-0.003,1,-0.0033170118101412,1,NA,NA,"Rewrite gives -0.003, which matches."
aggarwal_etal_2023,methods_tss6070_t,methods,TSS 60 to 70 imbalance t statistic,-2.608558321436788,-2.609,1,-2.608558321436788,1,NA,NA,"Rewrite gives -2.609, which matches."
aggarwal_etal_2023,methods_tss6070_df,methods,TSS 60 to 70 imbalance degrees of freedom,1999280,1999280,1,1999280,1,NA,NA,"Rewrite gives 1999280, which matches."
aggarwal_etal_2023,methods_tss6070_p,methods,TSS 60 to 70 imbalance p-value,0.00909251925398597,0.009,1,0.00909251925398597,1,NA,NA,"Rewrite gives 0.009, which matches."
aggarwal_etal_2023,methods_tss6070_ci_low,methods,"TSS 60 to 70 imbalance interval, lower",-0.00580928026608854,-0.006,1,-0.00580928026608854,1,NA,NA,"Rewrite gives -0.006, which matches."
aggarwal_etal_2023,methods_tss6070_ci_high,methods,"TSS 60 to 70 imbalance interval, upper",-8.247433541938602e-4,-0.001,1,-8.247433541938602e-4,1,NA,NA,"Rewrite gives -0.001, which matches."
aggarwal_etal_2023,methods_bh_p_tss100,methods,Trump support score adjusted p-value,0.26208483557043244,0.262,1,0.26208483557043244,1,NA,NA,"Rewrite gives 0.262, which matches."
aggarwal_etal_2023,methods_bh_p_tss6070,methods,TSS 60 to 70 adjusted p-value,0.20003542358769144,0.200,1,0.20003542358769144,1,NA,NA,"Rewrite gives 0.200, which matches."
aggarwal_etal_2023,methods_omnibus_f,methods,F statistic of the omnibus test that covariates predict assignment,NA,1.0266,NA,1.0266099890561224,1,NA,NA,"Rewrite gives 1.0266, which matches."
aggarwal_etal_2023,methods_omnibus_p,methods,p-value of that omnibus test,NA,0.425,NA,0.424544117166074,1,NA,NA,"Rewrite gives 0.425, which matches."
aggarwal_etal_2023,methods_omnibus_df_first_subscript,methods,First subscript printed on the omnibus F statistic,NA,1999264,NA,18,0,NA,paper_internal,"An F statistic takes its numerator degrees of freedom first. The test compares an unrestricted model with 18 more parameters against a residual degrees of freedom of 1,999,246 so the subscripts should read 18 and that residual count. Rewrite gives 18 against a published 1999264."
aggarwal_etal_2023,methods_omnibus_df_second_subscript,methods,Second subscript printed on the omnibus F statistic,NA,-18,NA,1999246,0,NA,paper_internal,"Printed as a negative number, which is the Df column of the Wald test output rather than a degrees of freedom. Rewrite gives 1999246 against a published -18."
aggarwal_etal_2023,methods_excluded_age,methods,The subset excluded voters over 55 years of age,NA,55,NA,NA,NA,NA,archive,The deposit carries an age category but no age in years. No rewrite counterpart.
aggarwal_etal_2023,methods_n_unique_ads,methods,The messaging programme consisted of 536 unique paid advertisements,NA,536,NA,NA,NA,NA,archive,"The deposited treatment_descriptives.csv describes the in-house testing programme, 262 rows and 149 distinct treatments, not the paid programme. No rewrite counterpart."
aggarwal_etal_2023,methods_missing_race_share,methods,We are missing race data for 4% of the sample where race was uncoded,NA,4,NA,NA,NA,NA,archive,"the deposit holds only the analysis subset, whose other-race share is 2.8 per cent; the sentence describes the 31.1 million voters eligible at assignment, which the deposit does not carry No rewrite counterpart."
aggarwal_etal_2023,methods_spend_biden,methods,Minimum spend on advertisements containing the word Biden,368800,368800,1,368800,1,NA,NA,"The deposit's in_text_calculations.R cannot produce this: it reads three columns the deposited CSV does not carry, and the script stops before reaching that block in any case. The value here comes from figure_B2.R, which builds those columns. Rewrite gives 368800, which matches."
aggarwal_etal_2023,methods_spend_trump,methods,Minimum spend on advertisements containing the word Trump,3254600,3254600,1,3254600,1,NA,NA,"The deposit's in_text_calculations.R cannot produce this: it reads three columns the deposited CSV does not carry, and the script stops before reaching that block in any case. The value here comes from figure_B2.R, which builds those columns. Rewrite gives 3254600, which matches."
aggarwal_etal_2023,methods_spend_both,methods,Minimum spend on advertisements containing both words,244500,244500,1,244500,1,NA,NA,"The deposit's in_text_calculations.R cannot produce this: it reads three columns the deposited CSV does not carry, and the script stops before reaching that block in any case. The value here comes from figure_B2.R, which builds those columns. Rewrite gives 244500, which matches."
aggarwal_etal_2023,methods_spend_promoted_news,methods,Spend on promoted news advertisements,1275000,1275000,1,1275000,1,NA,NA,"The deposit's in_text_calculations.R cannot produce this: it reads three columns the deposited CSV does not carry, and the script stops before reaching that block in any case. The value here comes from figure_B2.R, which builds those columns. Rewrite gives 1275000, which matches."
aggarwal_etal_2023,methods_spend_video,methods,Spend on video advertisements,2288900,2288900,1,2288900,1,NA,NA,"The deposit's in_text_calculations.R cannot produce this: it reads three columns the deposited CSV does not carry, and the script stops before reaching that block in any case. The value here comes from figure_B2.R, which builds those columns. Rewrite gives 2288900, which matches."
aggarwal_etal_2023,methods_spend_other_formats,methods,Spend on other advertising formats,304000,304000,1,304000,1,NA,NA,"The deposit's in_text_calculations.R cannot produce this: it reads three columns the deposited CSV does not carry, and the script stops before reaching that block in any case. The value here comes from figure_B2.R, which builds those columns. Rewrite gives 304000, which matches."
aggarwal_etal_2023,methods_click_through_rate,methods,Facebook delivery data; not deposited,NA,1,NA,NA,NA,NA,archive,Facebook delivery data; nothing of the kind is deposited. No rewrite counterpart.
aggarwal_etal_2023,methods_video_view_seconds,methods,NA,NA,2,NA,NA,NA,NA,archive,Facebook delivery data; nothing of the kind is deposited. No rewrite counterpart.
aggarwal_etal_2023,methods_video_view_rate,methods,NA,NA,53,NA,NA,NA,NA,archive,Facebook delivery data; nothing of the kind is deposited. No rewrite counterpart.
aggarwal_etal_2023,methods_match_rate,methods,Stated three times: Methods p. 7 twice and Supplementary Information section A,NA,60,NA,NA,NA,NA,archive,Facebook delivery data; nothing of the kind is deposited. No rewrite counterpart.
aggarwal_etal_2023,methods_programme_eligible,methods,NA,NA,3322027,NA,NA,NA,NA,archive,Facebook delivery data; nothing of the kind is deposited. No rewrite counterpart.
aggarwal_etal_2023,methods_treatment_audience,methods,"A treatment audience of 1,993,216, stated as 3,322,027 eligible voters times a 60 per cent match rate",NA,1993216,NA,1993216.2,1,NA,NA,"Computed from the article's own two printed figures. The sentence prints the product as '1,993,216 million'. Rewrite gives 1993216, which matches."
aggarwal_etal_2023,methods_treatment_audience_scale,methods,The treatment audience is stated on the scale its own parenthetical implies,NA,NA,NA,NA,NA,FALSE,paper_internal,"The parenthetical gives 3,322,027 programme-eligible voters times a 60 per cent match rate, which is 1,993,216 people. The sentence prints that product as '1,993,216 million', a factor of a million too large and more than the population of the planet. The claim does not hold."
aggarwal_etal_2023,methods_cost_per_voter,methods,US$4.46 of advertising expenditure per voter,NA,4.46,NA,4.4651457744669925,NA,NA,NA,Computed from the article's own printed campaign cost and treatment audience. Rewrite gives 4.47; no verdict is taken.
aggarwal_etal_2023,methods_vote_history_elections,methods,"A count of whether the participant voted in the 2012, 2016 and 2018 elections",NA,3,NA,3,1,NA,NA,"Rewrite gives 3, which matches."
aggarwal_etal_2023,methods_tss_data_min,methods,Trump support scores in the analysis set start at 30,NA,30,NA,30,1,NA,NA,"Rewrite gives 30, which matches."
aggarwal_etal_2023,methods_tss_data_max,methods,Trump support scores in the analysis set end at 70,NA,70,NA,70,1,NA,NA,"Rewrite gives 70, which matches."
aggarwal_etal_2023,methods_ci_level,methods,Every interval the article reports is a 95 per cent confidence interval,NA,95,NA,94.99999999999996,1,NA,NA,"Rewrite gives 95, which matches."
aggarwal_etal_2023,methods_fb_q3_revenue_share,methods,From reference 35,NA,3,NA,NA,NA,NA,NA,Taken from another source by the article; checked once against that source. No rewrite counterpart.
aggarwal_etal_2023,methods_russia_spend,methods,From reference 24,NA,150000,NA,NA,NA,NA,NA,Taken from another source by the article; checked once against that source. No rewrite counterpart.
aggarwal_etal_2023,methods_fox_news_month,methods,methods_fox_news_month,NA,1,NA,NA,NA,NA,NA,Taken from another source by the article; checked once against that source. No rewrite counterpart.
aggarwal_etal_2023,methods_ad_ban_weeks,methods,methods_ad_ban_weeks,NA,1,NA,NA,NA,NA,NA,A stated study or software parameter with no counterpart in the deposit. No rewrite counterpart.
aggarwal_etal_2023,methods_501c4,methods,The 501(c)(4) tax designation,NA,501,NA,NA,NA,NA,NA,A stated study or software parameter with no counterpart in the deposit. No rewrite counterpart.
aggarwal_etal_2023,methods_margin_threshold,methods,"'greater than three points', spelled out",NA,3,NA,NA,NA,NA,NA,A stated study or software parameter with no counterpart in the deposit. No rewrite counterpart.
aggarwal_etal_2023,methods_r_version,methods,methods_r_version,NA,4.1.1,NA,NA,NA,NA,NA,A stated study or software parameter with no counterpart in the deposit. No rewrite counterpart.
aggarwal_etal_2023,methods_tidyverse_version,methods,methods_tidyverse_version,NA,1.3.1,NA,NA,NA,NA,NA,A stated study or software parameter with no counterpart in the deposit. No rewrite counterpart.
aggarwal_etal_2023,methods_estimatr_version,methods,methods_estimatr_version,NA,0.30.6,NA,NA,NA,NA,NA,A stated study or software parameter with no counterpart in the deposit. No rewrite counterpart.
aggarwal_etal_2023,methods_car_version,methods,methods_car_version,NA,3.1.0,NA,NA,NA,NA,NA,A stated study or software parameter with no counterpart in the deposit. No rewrite counterpart.
aggarwal_etal_2023,methods_hc2,methods,'HC2 robust standard errors',NA,2,NA,NA,NA,NA,NA,A stated study or software parameter with no counterpart in the deposit. No rewrite counterpart.
aggarwal_etal_2023,reporting_summary_r_version,reporting_summary,restates Methods,NA,4.1.1,NA,NA,NA,NA,NA,"Restated from the article's own Methods; checked against it, not against the deposit. No rewrite counterpart."
aggarwal_etal_2023,reporting_summary_tidyverse_version,reporting_summary,restates Methods,NA,1.3.1,NA,NA,NA,NA,NA,"Restated from the article's own Methods; checked against it, not against the deposit. No rewrite counterpart."
aggarwal_etal_2023,reporting_summary_estimatr_version,reporting_summary,restates Methods,NA,0.30.6,NA,NA,NA,NA,NA,"Restated from the article's own Methods; checked against it, not against the deposit. No rewrite counterpart."
aggarwal_etal_2023,reporting_summary_car_version,reporting_summary,restates Methods,NA,3.1.0,NA,NA,NA,NA,NA,"Restated from the article's own Methods; checked against it, not against the deposit. No rewrite counterpart."
aggarwal_etal_2023,reporting_summary_tss_min,reporting_summary,restates the targeting criteria,NA,30,NA,NA,NA,NA,NA,"Restated from the article's own Methods; checked against it, not against the deposit. No rewrite counterpart."
aggarwal_etal_2023,reporting_summary_tss_max,reporting_summary,restates the targeting criteria,NA,70,NA,NA,NA,NA,NA,"Restated from the article's own Methods; checked against it, not against the deposit. No rewrite counterpart."
aggarwal_etal_2023,reporting_summary_college_max,reporting_summary,restates the targeting criteria,NA,50,NA,NA,NA,NA,NA,"Restated from the article's own Methods; checked against it, not against the deposit. No rewrite counterpart."
aggarwal_etal_2023,reporting_summary_turnout_min,reporting_summary,restates the targeting criteria,NA,20,NA,NA,NA,NA,NA,"Restated from the article's own Methods; checked against it, not against the deposit. No rewrite counterpart."
aggarwal_etal_2023,reporting_summary_age_min,reporting_summary,restates the archival subset criteria,NA,18,NA,NA,NA,NA,NA,"Restated from the article's own Methods; checked against it, not against the deposit. No rewrite counterpart."
aggarwal_etal_2023,reporting_summary_age_max,reporting_summary,restates the archival subset criteria,NA,55,NA,NA,NA,NA,NA,"Restated from the article's own Methods; checked against it, not against the deposit. No rewrite counterpart."
aggarwal_etal_2023,reporting_summary_n_strata,reporting_summary,restates Methods,NA,18,NA,NA,NA,NA,NA,"Restated from the article's own Methods; checked against it, not against the deposit. No rewrite counterpart."
aggarwal_etal_2023,reporting_summary_scale_max,reporting_summary,"'out of 100', stated four times",NA,100,NA,NA,NA,NA,NA,"Restated from the article's own Methods; checked against it, not against the deposit. No rewrite counterpart."
aggarwal_etal_2023,reporting_summary_timing,reporting_summary,"Timing given as July-November 2020, where Methods describes an 8-month programme running from March 2020 to election day. Recorded as an unresolved internal inconsistency, not corrected.",NA,NA,NA,NA,NA,NA,NA,"Restated from the article's own Methods; checked against it, not against the deposit. No rewrite counterpart."
aggarwal_etal_2023,si_contents_sections,supplementary_information,The Supplementary Information lists six sections in its contents,NA,6,NA,NA,NA,NA,NA,No rewrite counterpart.
aggarwal_etal_2023,si_n_supplementary_figures,supplementary_information,The Supplementary Information carries four numbered figures,NA,4,NA,4,1,NA,NA,"Counted from the published document: Supplementary Figures 1 to 4. Rewrite gives 4, which matches."
aggarwal_etal_2023,si_n_supplementary_tables,supplementary_information,The Supplementary Information carries three numbered tables,NA,3,NA,3,1,NA,NA,"Counted from the parsed transcription of the published tables. Rewrite gives 3, which matches."
aggarwal_etal_2023,si_a_match_rate,supplementary_information_a,'audience match rates were always around 60%',NA,60,NA,NA,NA,NA,archive,Survey and match-quality data; none of it is deposited. No rewrite counterpart.
aggarwal_etal_2023,si_a_precise_scheme_rate,supplementary_information_a,wireless phones and personal emails prioritised,NA,82,NA,NA,NA,NA,archive,Survey and match-quality data; none of it is deposited. No rewrite counterpart.
aggarwal_etal_2023,si_a_name_address_rate,supplementary_information_a,name and address prioritised,NA,81,NA,NA,NA,NA,archive,Survey and match-quality data; none of it is deposited. No rewrite counterpart.
aggarwal_etal_2023,si_a_young_precise_rate,supplementary_information_a,"younger voters, precise scheme",NA,64,NA,NA,NA,NA,archive,Survey and match-quality data; none of it is deposited. No rewrite counterpart.
aggarwal_etal_2023,si_a_young_name_rate,supplementary_information_a,"younger voters, name and address",NA,59,NA,NA,NA,NA,archive,Survey and match-quality data; none of it is deposited. No rewrite counterpart.
aggarwal_etal_2023,si_a_consistency_low,supplementary_information_a,'ranged from 59 - 82%',NA,59,NA,NA,NA,NA,archive,Survey and match-quality data; none of it is deposited. No rewrite counterpart.
aggarwal_etal_2023,si_a_consistency_high,supplementary_information_a,'ranged from 59 - 82%',NA,82,NA,NA,NA,NA,archive,Survey and match-quality data; none of it is deposited. No rewrite counterpart.
aggarwal_etal_2023,si_a_compliance_shift,supplementary_information_a,'a 60 percentage point increase in the probability of being treated',NA,60,NA,NA,NA,NA,archive,Survey and match-quality data; none of it is deposited. No rewrite counterpart.
aggarwal_etal_2023,si_b_spend_buckets,supplementary_information_b,The Facebook Ad Library API returns spend in ten buckets,NA,10,NA,NA,NA,NA,archive,A property of the API rather than of the data. No rewrite counterpart.
aggarwal_etal_2023,si_c_total_spend_all_advertisers,supplementary_information_c,"The lower bound of total spend by all advertisers is US$349,006,000",349006000,349006000,1,349006000,1,NA,NA,"Rewrite gives 349006000, which matches."
aggarwal_etal_2023,si_c_largest_bucket,supplementary_information_c,"The largest spend bucket, above US$1 million, is boundless",NA,1,NA,NA,NA,NA,archive,A property of the API rather than of the data. No rewrite counterpart.
aggarwal_etal_2023,si_c_acronym_spend_low,supplementary_information_c,"Acronym spent approximately US$3,867,900 on persuasion advertisements",3867900,3867900,1,3867900,1,NA,NA,"Rewrite gives 3867900, which matches."
aggarwal_etal_2023,si_c_acronym_spend_high,supplementary_information_c,"To US$5,921,963 on persuasion advertisements",5921963,5921963,1,5921963,1,NA,NA,"Rewrite gives 5921963, which matches."
aggarwal_etal_2023,si_c_acronym_share,supplementary_information_c,Acronym constituted approximately 1 per cent of Facebook spending in the target states,NA,1,NA,1.2614969370154094,NA,NA,NA,"An approximate claim, so no verdict is taken. Using the persuasion advertisements alone the share is 1.11 per cent. Rewrite gives 1; no verdict is taken."
aggarwal_etal_2023,si_c_wesleyan_total,supplementary_information_c,"US$977,761,865 was spent on federal races on Facebook",NA,977761865,NA,NA,NA,NA,archive,The Wesleyan Media Project file the deposit's figure_C4.R reads is not deposited. No rewrite counterpart.
aggarwal_etal_2023,si_c_wesleyan_acronym,supplementary_information_c,"US$6,603,488 of which was from Acronym",NA,6603488,NA,NA,NA,NA,archive,The Wesleyan Media Project file the deposit's figure_C4.R reads is not deposited. No rewrite counterpart.
aggarwal_etal_2023,si_c_wesleyan_share,supplementary_information_c,Acronym's share of federal spending on Facebook was 0.67 per cent,NA,0.67,NA,0.6753677184986141,0,NA,paper_internal,Computed from the two figures the same sentence prints. Rewrite gives 0.68 against a published 0.67.
aggarwal_etal_2023,si_c_fb_q3_revenue_share,supplementary_information_c,Political advertising is an estimated 3 per cent of Facebook's Q3 US advertising revenue,NA,3,NA,NA,NA,NA,NA,Taken from another source by the article; checked once against that source. No rewrite counterpart.
aggarwal_etal_2023,si_c_july_highest_spend,supplementary_information_c,Acronym spent more on persuasion in July than in any other month,NA,NA,NA,NA,NA,FALSE,paper_internal,"the largest monthly lower-bound persuasion spend is 577,000 in February 2020; July 2020 is 566,600 The claim does not hold."
aggarwal_etal_2023,si_c_broken_cross_reference,supplementary_information_c,The sentence points the reader at 'main Figure ??',NA,NA,NA,NA,NA,FALSE,paper_internal,"The cross-reference did not resolve when the document was typeset. The figure the sentence describes is Supplementary Figure 2, which is in the Supplementary Information rather than the main text. The claim does not hold."
aggarwal_etal_2023,si_c_states_in_text,supplementary_information_c,"The query is described in the text as covering five states: AZ, MI, NC, PA and WI",NA,5,NA,NA,NA,NA,NA,No rewrite counterpart.
aggarwal_etal_2023,si_c_states_in_caption,supplementary_information_c,"The caption of the figure that query produces lists six states: AZ, GA, MI, NC, PA and WI",NA,6,NA,NA,NA,NA,NA,No rewrite counterpart.
aggarwal_etal_2023,si_c_state_lists_agree,supplementary_information_c,The two state lists name the same states,NA,NA,NA,NA,NA,FALSE,paper_internal,"The text names five states and the caption of the figure that query produces names six, adding Georgia. The deposited extract carries no state field, so which list describes the query cannot be settled from the deposit. The claim does not hold."
aggarwal_etal_2023,si_d_pap_registration_date,supplementary_information_d,The plan is described as registered on 22 November 2020,NA,22,NA,NA,NA,NA,unresolved,The reproduced plan is dated 11 November 2020. Unresolved. No rewrite counterpart.
aggarwal_etal_2023,si_d_persuasion_audience,supplementary_information_d,'an audience of 5M swing-state voters',NA,5,NA,NA,NA,NA,NA,Reproduced verbatim from the pre-analysis plan; checked once against it. No rewrite counterpart.
aggarwal_etal_2023,si_d_persuasion_holdout,supplementary_information_d,'450K voters',NA,450,NA,NA,NA,NA,NA,Reproduced verbatim from the pre-analysis plan; checked once against it. No rewrite counterpart.
aggarwal_etal_2023,si_d_turnout_audience,supplementary_information_d,'an audience of 1.8M swing-state voters',NA,1.8,NA,NA,NA,NA,NA,Reproduced verbatim from the pre-analysis plan; checked once against it. No rewrite counterpart.
aggarwal_etal_2023,si_d_turnout_holdout,supplementary_information_d,'370K voters',NA,370,NA,NA,NA,NA,NA,Reproduced verbatim from the pre-analysis plan; checked once against it. No rewrite counterpart.
aggarwal_etal_2023,si_d_topic_categories,supplementary_information_d,six numbered treatment topic categories,NA,6,NA,NA,NA,NA,NA,Reproduced verbatim from the pre-analysis plan; checked once against it. No rewrite counterpart.
aggarwal_etal_2023,si_d_holdout_surveys,supplementary_information_d,'3 global holdout check in surveys',NA,3,NA,NA,NA,NA,NA,Reproduced verbatim from the pre-analysis plan; checked once against it. No rewrite counterpart.
aggarwal_etal_2023,si_d_party_categories,supplementary_information_d,'3 categories' of party registration,NA,3,NA,NA,NA,NA,NA,Reproduced verbatim from the pre-analysis plan; checked once against it. No rewrite counterpart.
aggarwal_etal_2023,si_d_vote_history_elections,supplementary_information_d,'Number of times voted out of 3',NA,3,NA,NA,NA,NA,NA,Reproduced verbatim from the pre-analysis plan; checked once against it. No rewrite counterpart.
aggarwal_etal_2023,si_d_black_threshold,supplementary_information_d,'if Black voters < 10% of sample',NA,10,NA,NA,NA,NA,NA,Reproduced verbatim from the pre-analysis plan; checked once against it. No rewrite counterpart.
aggarwal_etal_2023,si_e_sql_limit_1,supplementary_information_e,"ORDER BY RANDOM() LIMIT 700000, the whole-population draw",NA,700000,NA,NA,NA,NA,NA,Reproduced verbatim from the deposited randomisation code. No rewrite counterpart.
aggarwal_etal_2023,si_e_sql_limit_2,supplementary_information_e,"LIMIT 564872, the 18 to 24 oversample",NA,564872,NA,NA,NA,NA,NA,Reproduced verbatim from the deposited randomisation code. No rewrite counterpart.
aggarwal_etal_2023,si_e_sql_limit_3,supplementary_information_e,"LIMIT 454521, the 25 to 34 oversample",NA,454521,NA,NA,NA,NA,NA,Reproduced verbatim from the deposited randomisation code. No rewrite counterpart.
aggarwal_etal_2023,si_e_sql_limit_4,supplementary_information_e,"LIMIT 327230, the Black oversample",NA,327230,NA,NA,NA,NA,NA,Reproduced verbatim from the deposited randomisation code. No rewrite counterpart.
aggarwal_etal_2023,si_e_sql_limit_5,supplementary_information_e,"LIMIT 68842, the Hispanic oversample",NA,68842,NA,NA,NA,NA,NA,Reproduced verbatim from the deposited randomisation code. No rewrite counterpart.
aggarwal_etal_2023,si_e_sql_limit_6,supplementary_information_e,"LIMIT 448812, the women oversample",NA,448812,NA,NA,NA,NA,NA,Reproduced verbatim from the deposited randomisation code. No rewrite counterpart.
aggarwal_etal_2023,si_e_sql_limits_match_figure_4,supplementary_information_e,The six SQL sampling limits equal the six sample sizes Figure 4 lists,NA,6,NA,6,1,NA,NA,"Two places in the published document, compared against each other. Rewrite gives 6, which matches."
aggarwal_etal_2023,si_figure_1_coverage,supplementary_figure_1,Supplementary Figure 1 has no coverage,NA,NA,NA,NA,NA,NA,archive,"figure_B1.R reads fielding_dates.rds and fielding_dates_survey.rds. Neither is among the 16 deposited files; the third input, treatment_descriptives.csv, is. Running the deposited script fails at its first read. The figure prints no numbers other than the axis breaks 0, 5, 10 and 15. No rewrite counterpart."
aggarwal_etal_2023,si_figure_4_coverage,supplementary_figure_4,Supplementary Figure 4 has no coverage,NA,NA,NA,NA,NA,NA,archive,"figure_C4.R reads weekly_adds_for_page_id_disclaimer_041322.csv, which is not among the 16 deposited files. Running the deposited script fails at its first read. No rewrite counterpart."
aggarwal_etal_2023,si_figure_2_series_per_panel,supplementary_figure_2,Each panel of Supplementary Figure 2 plots three series,NA,3,NA,3,1,NA,NA,"The rewrite writes all 51 plotted points to figure_b2_acronym_spending.csv. Rewrite gives 3, which matches."
aggarwal_etal_2023,si_figure_2_axis_breaks,supplementary_figure_2,Supplementary Figure 2 prints four dollar breaks,NA,4,NA,NA,NA,NA,NA,Set by the scale limits in figure_b2_acronym_spending.R at the point of use. No rewrite counterpart.
aggarwal_etal_2023,si_figure_3_axis_breaks,supplementary_figure_3,Supplementary Figure 3 prints five dollar breaks,NA,5,NA,NA,NA,NA,NA,Set by the default scale in figure_c3_facebook_spending.R at the point of use. No rewrite counterpart.
aggarwal_etal_2023,si_figure_1_axis_breaks,supplementary_figure_1,"The only numbers Supplementary Figure 1 prints: axis breaks at 0, 5, 10 and 15, counted off the published page",NA,4,NA,NA,NA,NA,archive,Counted off the published page; the script that would draw them cannot run. No rewrite counterpart.
aggarwal_etal_2023,si_figure_4_axis_breaks,supplementary_figure_4,"The only numbers Supplementary Figure 4 prints: six dollar breaks on the Acronym panel, four on the all-sponsors panel and six percentage breaks below, counted off the published page",NA,16,NA,NA,NA,NA,archive,Counted off the published page; the script that would draw them cannot run. No rewrite counterpart.
aggarwal_etal_2023,si_figure_3_month_labels,supplementary_figure_3,Supplementary Figure 3 prints three month labels on its horizontal axis,NA,3,NA,3,1,NA,NA,"The rewrite writes all 40 plotted weeks to figure_c3_facebook_spending.csv. Rewrite gives 3, which matches."
